snapshot_date,snapshot_time,vehicle_id,direction_facing,lane_type,lane_description,vehicle_make,vehicle_model,vehicle_year_estimate,vehicle_body_type,vehicle_color,price_range_low,price_range_high,price_range_currency,price_source,vehicle_confidence,price_confidence,image_path
2026-07-02,14:35:51,20260702_143551_ih30_carrier_pkwy_1,away from camera,General Purpose,"leftmost general purpose lane, westbound side",UNKNOWN,UNKNOWN,UNKNOWN,sedan,dark gray,UNKNOWN,UNKNOWN,USD,UNKNOWN,0.5,0.0,/home/runner/work/Research---EPL-equality/Research---EPL-equality/data/images/IH30 @ Carrier Pkwy/2026-07-02/2026-07-02_14-35-51.jpg
2026-07-02,14:35:51,20260702_143551_ih30_carrier_pkwy_2,away from camera,General Purpose,"second from left general purpose lane, westbound side",UNKNOWN,UNKNOWN,UNKNOWN,sedan,dark green,UNKNOWN,UNKNOWN,USD,UNKNOWN,0.55,0.0,/home/runner/work/Research---EPL-equality/Research---EPL-equality/data/images/IH30 @ Carrier Pkwy/2026-07-02/2026-07-02_14-35-51.jpg
2026-07-02,14:35:51,20260702_143551_ih30_carrier_pkwy_3,away from camera,General Purpose,"second from left general purpose lane, westbound side, ahead of vehicle 2",UNKNOWN,UNKNOWN,UNKNOWN,sedan,red,UNKNOWN,UNKNOWN,USD,UNKNOWN,0.6,0.0,/home/runner/work/Research---EPL-equality/Research---EPL-equality/data/images/IH30 @ Carrier Pkwy/2026-07-02/2026-07-02_14-35-51.jpg
2026-07-02,14:35:51,20260702_143551_ih30_carrier_pkwy_4,away from camera,General Purpose,"third from left general purpose lane, westbound side",UNKNOWN,UNKNOWN,UNKNOWN,sedan,white,UNKNOWN,UNKNOWN,USD,UNKNOWN,0.55,0.0,/home/runner/work/Research---EPL-equality/Research---EPL-equality/data/images/IH30 @ Carrier Pkwy/2026-07-02/2026-07-02_14-35-51.jpg
2026-07-02,14:35:51,20260702_143551_ih30_carrier_pkwy_5,away from camera,General Purpose,"third from left general purpose lane, westbound side, farther ahead",UNKNOWN,UNKNOWN,UNKNOWN,sedan,dark red,UNKNOWN,UNKNOWN,USD,UNKNOWN,0.5,0.0,/home/runner/work/Research---EPL-equality/Research---EPL-equality/data/images/IH30 @ Carrier Pkwy/2026-07-02/2026-07-02_14-35-51.jpg
2026-07-02,14:35:51,20260702_143551_ih30_carrier_pkwy_6,away from camera,General Purpose,"fourth from left general purpose lane, westbound side, mid-distance",UNKNOWN,UNKNOWN,UNKNOWN,sedan,white,UNKNOWN,UNKNOWN,USD,UNKNOWN,0.5,0.0,/home/runner/work/Research---EPL-equality/Research---EPL-equality/data/images/IH30 @ Carrier Pkwy/2026-07-02/2026-07-02_14-35-51.jpg
2026-07-02,14:35:51,20260702_143551_ih30_carrier_pkwy_7,away from camera,General Purpose,"far distance, westbound side, multiple vehicles clustered",UNKNOWN,UNKNOWN,UNKNOWN,UNKNOWN,UNKNOWN,UNKNOWN,UNKNOWN,USD,UNKNOWN,0.3,0.0,/home/runner/work/Research---EPL-equality/Research---EPL-equality/data/images/IH30 @ Carrier Pkwy/2026-07-02/2026-07-02_14-35-51.jpg
2026-07-02,14:35:51,20260702_143551_ih30_carrier_pkwy_8,away from camera,General Purpose,"leftmost general purpose lane, eastbound side",UNKNOWN,UNKNOWN,UNKNOWN,sedan,dark gray,UNKNOWN,UNKNOWN,USD,UNKNOWN,0.5,0.0,/home/runner/work/Research---EPL-equality/Research---EPL-equality/data/images/IH30 @ Carrier Pkwy/2026-07-02/2026-07-02_14-35-51.jpg
2026-07-02,14:35:51,20260702_143551_ih30_carrier_pkwy_9,away from camera,General Purpose,"second from left general purpose lane, eastbound side",UNKNOWN,UNKNOWN,UNKNOWN,sedan,silver,UNKNOWN,UNKNOWN,USD,UNKNOWN,0.5,0.0,/home/runner/work/Research---EPL-equality/Research---EPL-equality/data/images/IH30 @ Carrier Pkwy/2026-07-02/2026-07-02_14-35-51.jpg
2026-07-02,14:35:51,20260702_143551_ih30_carrier_pkwy_10,away from camera,General Purpose,"third from left general purpose lane, eastbound side",UNKNOWN,UNKNOWN,UNKNOWN,van,multicolor,UNKNOWN,UNKNOWN,USD,UNKNOWN,0.65,0.0,/home/runner/work/Research---EPL-equality/Research---EPL-equality/data/images/IH30 @ Carrier Pkwy/2026-07-02/2026-07-02_14-35-51.jpg
2026-07-02,14:35:51,20260702_143551_ih30_carrier_pkwy_11,away from camera,General Purpose,"fourth from left general purpose lane, eastbound side",UNKNOWN,UNKNOWN,UNKNOWN,sedan,dark red,UNKNOWN,UNKNOWN,USD,UNKNOWN,0.55,0.0,/home/runner/work/Research---EPL-equality/Research---EPL-equality/data/images/IH30 @ Carrier Pkwy/2026-07-02/2026-07-02_14-35-51.jpg
2026-07-02,14:35:51,20260702_143551_ih30_carrier_pkwy_12,away from camera,General Purpose,"mid-distance eastbound side, multiple vehicles",UNKNOWN,UNKNOWN,UNKNOWN,UNKNOWN,UNKNOWN,UNKNOWN,UNKNOWN,USD,UNKNOWN,0.3,0.0,/home/runner/work/Research---EPL-equality/Research---EPL-equality/data/images/IH30 @ Carrier Pkwy/2026-07-02/2026-07-02_14-35-51.jpg
2026-07-02,14:47:21,20260702_144721_ih30_carrier_pkwy_1,away from camera,General Purpose,leftmost general purpose lane (westbound/left side),Freightliner,Cascadia,2019-2024,semi-truck,red,90000,160000,USD,claude_estimate,0.7,0.5,/home/runner/work/Research---EPL-equality/Research---EPL-equality/data/images/IH30 @ Carrier Pkwy/2026-07-02/2026-07-02_14-47-21.jpg
2026-07-02,14:47:21,20260702_144721_ih30_carrier_pkwy_2,away from camera,General Purpose,second general purpose lane from left,UNKNOWN,UNKNOWN,2015-2022,SUV,white,12000,28000,USD,claude_estimate,0.2,0.3,/home/runner/work/Research---EPL-equality/Research---EPL-equality/data/images/IH30 @ Carrier Pkwy/2026-07-02/2026-07-02_14-47-21.jpg
2026-07-02,14:47:21,20260702_144721_ih30_carrier_pkwy_3,away from camera,General Purpose,third general purpose lane from left,UNKNOWN,UNKNOWN,2015-2022,sedan,dark gray,10000,22000,USD,claude_estimate,0.2,0.3,/home/runner/work/Research---EPL-equality/Research---EPL-equality/data/images/IH30 @ Carrier Pkwy/2026-07-02/2026-07-02_14-47-21.jpg
2026-07-02,14:47:21,20260702_144721_ih30_carrier_pkwy_4,away from camera,General Purpose,fourth general purpose lane from left (leftmost left-side GP lane near barrier),UNKNOWN,UNKNOWN,2015-2022,sedan,silver,10000,20000,USD,claude_estimate,0.2,0.3,/home/runner/work/Research---EPL-equality/Research---EPL-equality/data/images/IH30 @ Carrier Pkwy/2026-07-02/2026-07-02_14-47-21.jpg
2026-07-02,14:47:21,20260702_144721_ih30_carrier_pkwy_5,away from camera,Express,left express lane,Chevrolet,Equinox,2018-2023,SUV,dark green,18000,32000,USD,claude_estimate,0.3,0.3,/home/runner/work/Research---EPL-equality/Research---EPL-equality/data/images/IH30 @ Carrier Pkwy/2026-07-02/2026-07-02_14-47-21.jpg
2026-07-02,14:47:21,20260702_144721_ih30_carrier_pkwy_6,away from camera,General Purpose,leftmost general purpose lane on right side,UNKNOWN,UNKNOWN,2015-2022,SUV,black,14000,30000,USD,claude_estimate,0.2,0.3,/home/runner/work/Research---EPL-equality/Research---EPL-equality/data/images/IH30 @ Carrier Pkwy/2026-07-02/2026-07-02_14-47-21.jpg
2026-07-02,14:47:21,20260702_144721_ih30_carrier_pkwy_7,away from camera,General Purpose,second general purpose lane from right,UNKNOWN,UNKNOWN,2015-2022,sedan,gray,10000,22000,USD,claude_estimate,0.2,0.3,/home/runner/work/Research---EPL-equality/Research---EPL-equality/data/images/IH30 @ Carrier Pkwy/2026-07-02/2026-07-02_14-47-21.jpg
2026-07-02,14:47:21,20260702_144721_ih30_carrier_pkwy_8,away from camera,General Purpose,rightmost general purpose lane,Peterbilt,389,2015-2022,semi-truck,blue,80000,150000,USD,claude_estimate,0.3,0.4,/home/runner/work/Research---EPL-equality/Research---EPL-equality/data/images/IH30 @ Carrier Pkwy/2026-07-02/2026-07-02_14-47-21.jpg
2026-07-02,14:47:21,20260702_144721_ih30_carrier_pkwy_9,away from camera,General Purpose,"far right general purpose lane, partially cut off",UNKNOWN,UNKNOWN,2015-2022,sedan,dark gray,8000,20000,USD,claude_estimate,0.15,0.2,/home/runner/work/Research---EPL-equality/Research---EPL-equality/data/images/IH30 @ Carrier Pkwy/2026-07-02/2026-07-02_14-47-21.jpg
2026-07-02,14:47:21,20260702_144721_ih30_carrier_pkwy_10,away from camera,General Purpose,"far left general purpose lanes, distant vehicles near horizon",UNKNOWN,UNKNOWN,UNKNOWN,sedan,dark,8000,25000,USD,claude_estimate,0.1,0.2,/home/runner/work/Research---EPL-equality/Research---EPL-equality/data/images/IH30 @ Carrier Pkwy/2026-07-02/2026-07-02_14-47-21.jpg
2026-07-02,14:54:17,20260702_145417_ih30_carrier_pkwy_1,away from camera,General Purpose,"leftmost general purpose lane, westbound side",GMC,Yukon,2007-2014,SUV,dark green,8000,15000,USD,claude_estimate,0.25,0.3,/home/runner/work/Research---EPL-equality/Research---EPL-equality/data/images/IH30 @ Carrier Pkwy/2026-07-02/2026-07-02_14-54-17.jpg
2026-07-02,14:54:17,20260702_145417_ih30_carrier_pkwy_2,away from camera,General Purpose,"second from left general purpose lane, westbound side",Ford,Mustang,2015-2022,sedan,dark gray,18000,32000,USD,claude_estimate,0.2,0.25,/home/runner/work/Research---EPL-equality/Research---EPL-equality/data/images/IH30 @ Carrier Pkwy/2026-07-02/2026-07-02_14-54-17.jpg
2026-07-02,14:54:17,20260702_145417_ih30_carrier_pkwy_3,away from camera,General Purpose,"third from left general purpose lane, westbound side",Honda,Accord,2013-2017,sedan,dark gray,13000,20000,USD,manual_lookup,0.2,0.6,/home/runner/work/Research---EPL-equality/Research---EPL-equality/data/images/IH30 @ Carrier Pkwy/2026-07-02/2026-07-02_14-54-17.jpg
2026-07-02,14:54:17,20260702_145417_ih30_carrier_pkwy_4,away from camera,General Purpose,"fourth from left general purpose lane, westbound side",Toyota,Camry,2012-2017,sedan,dark charcoal,12000,20000,USD,manual_lookup,0.2,0.6,/home/runner/work/Research---EPL-equality/Research---EPL-equality/data/images/IH30 @ Carrier Pkwy/2026-07-02/2026-07-02_14-54-17.jpg
2026-07-02,14:54:17,20260702_145417_ih30_carrier_pkwy_5,away from camera,Express,left express lane,UNKNOWN,UNKNOWN,UNKNOWN,sedan,dark,10000,25000,USD,claude_estimate,0.1,0.15,/home/runner/work/Research---EPL-equality/Research---EPL-equality/data/images/IH30 @ Carrier Pkwy/2026-07-02/2026-07-02_14-54-17.jpg
2026-07-02,14:54:17,20260702_145417_ih30_carrier_pkwy_6,away from camera,General Purpose,"leftmost general purpose lane, eastbound side",UNKNOWN,UNKNOWN,UNKNOWN,SUV,black,12000,30000,USD,claude_estimate,0.15,0.2,/home/runner/work/Research---EPL-equality/Research---EPL-equality/data/images/IH30 @ Carrier Pkwy/2026-07-02/2026-07-02_14-54-17.jpg
2026-07-02,14:54:17,20260702_145417_ih30_carrier_pkwy_7,away from camera,General Purpose,"second from left general purpose lane, eastbound side",Ram,1500,2015-2021,pickup truck,red,20000,32000,USD,manual_lookup,0.25,0.6,/home/runner/work/Research---EPL-equality/Research---EPL-equality/data/images/IH30 @ Carrier Pkwy/2026-07-02/2026-07-02_14-54-17.jpg
2026-07-02,14:54:17,20260702_145417_ih30_carrier_pkwy_8,away from camera,General Purpose,"third from left general purpose lane, eastbound side",Chevrolet,Silverado,2014-2019,pickup truck,silver/gray,20000,32000,USD,manual_lookup,0.25,0.6,/home/runner/work/Research---EPL-equality/Research---EPL-equality/data/images/IH30 @ Carrier Pkwy/2026-07-02/2026-07-02_14-54-17.jpg
2026-07-02,14:54:17,20260702_145417_ih30_carrier_pkwy_9,away from camera,General Purpose,"fourth from left general purpose lane, eastbound side",Toyota,Sienna,2015-2020,van,white,18000,30000,USD,claude_estimate,0.25,0.3,/home/runner/work/Research---EPL-equality/Research---EPL-equality/data/images/IH30 @ Carrier Pkwy/2026-07-02/2026-07-02_14-54-17.jpg
2026-07-02,14:54:17,20260702_145417_ih30_carrier_pkwy_10,away from camera,General Purpose,"rightmost general purpose lane, eastbound side",Ford,Explorer,2018-2023,SUV,dark green,22000,42000,USD,claude_estimate,0.2,0.25,/home/runner/work/Research---EPL-equality/Research---EPL-equality/data/images/IH30 @ Carrier Pkwy/2026-07-02/2026-07-02_14-54-17.jpg
2026-07-02,18:48:29,20260702_184829_ih30_carrier_pkwy_1,away from camera,General Purpose,leftmost general purpose lane (westbound side),Toyota,Camry,2018-2022,sedan,dark gray,12000,20000,USD,manual_lookup,0.3,0.6,/home/runner/work/Research---EPL-equality/Research---EPL-equality/data/images/IH30 @ Carrier Pkwy/2026-07-02/2026-07-02_18-48-29.jpg
2026-07-02,18:48:29,20260702_184829_ih30_carrier_pkwy_2,away from camera,General Purpose,second from left general purpose lane,Ford,F-150,2018-2022,pickup truck,dark gray,20000,32000,USD,manual_lookup,0.3,0.6,/home/runner/work/Research---EPL-equality/Research---EPL-equality/data/images/IH30 @ Carrier Pkwy/2026-07-02/2026-07-02_18-48-29.jpg
2026-07-02,18:48:29,20260702_184829_ih30_carrier_pkwy_3,away from camera,General Purpose,third from left general purpose lane,UNKNOWN,UNKNOWN,2015-2022,sedan,silver,12000,22000,USD,claude_estimate,0.2,0.2,/home/runner/work/Research---EPL-equality/Research---EPL-equality/data/images/IH30 @ Carrier Pkwy/2026-07-02/2026-07-02_18-48-29.jpg
2026-07-02,18:48:29,20260702_184829_ih30_carrier_pkwy_4,away from camera,Express,left express lane,Toyota,Camry,2017-2021,sedan,white,12000,20000,USD,manual_lookup,0.25,0.6,/home/runner/work/Research---EPL-equality/Research---EPL-equality/data/images/IH30 @ Carrier Pkwy/2026-07-02/2026-07-02_18-48-29.jpg
2026-07-02,18:48:29,20260702_184829_ih30_carrier_pkwy_5,away from camera,Express,right express lane,Freightliner,Cascadia,2016-2022,semi-truck,white,40000,90000,USD,claude_estimate,0.3,0.25,/home/runner/work/Research---EPL-equality/Research---EPL-equality/data/images/IH30 @ Carrier Pkwy/2026-07-02/2026-07-02_18-48-29.jpg
2026-07-02,18:48:29,20260702_184829_ih30_carrier_pkwy_6,away from camera,General Purpose,leftmost eastbound general purpose lane,UNKNOWN,UNKNOWN,2015-2022,sedan,white,12000,22000,USD,claude_estimate,0.2,0.2,/home/runner/work/Research---EPL-equality/Research---EPL-equality/data/images/IH30 @ Carrier Pkwy/2026-07-02/2026-07-02_18-48-29.jpg
2026-07-02,18:48:29,20260702_184829_ih30_carrier_pkwy_7,away from camera,General Purpose,second eastbound general purpose lane from left,Chevrolet,Suburban,2018-2022,SUV,dark gray,35000,60000,USD,claude_estimate,0.25,0.25,/home/runner/work/Research---EPL-equality/Research---EPL-equality/data/images/IH30 @ Carrier Pkwy/2026-07-02/2026-07-02_18-48-29.jpg
2026-07-02,18:48:29,20260702_184829_ih30_carrier_pkwy_8,away from camera,General Purpose,third eastbound general purpose lane from left,Honda,CR-V,2017-2022,SUV,dark green,20000,30000,USD,claude_estimate,0.25,0.3,/home/runner/work/Research---EPL-equality/Research---EPL-equality/data/images/IH30 @ Carrier Pkwy/2026-07-02/2026-07-02_18-48-29.jpg
2026-07-02,18:48:29,20260702_184829_ih30_carrier_pkwy_9,away from camera,General Purpose,rightmost eastbound general purpose lane,Jeep,Grand Cherokee,2019-2023,SUV,dark gray,28000,45000,USD,claude_estimate,0.25,0.3,/home/runner/work/Research---EPL-equality/Research---EPL-equality/data/images/IH30 @ Carrier Pkwy/2026-07-02/2026-07-02_18-48-29.jpg
2026-07-02,18:48:29,20260702_184829_ih30_carrier_pkwy_10,away from camera,General Purpose,far right general purpose lane,Ford,Explorer,2018-2022,SUV,black,25000,40000,USD,claude_estimate,0.25,0.3,/home/runner/work/Research---EPL-equality/Research---EPL-equality/data/images/IH30 @ Carrier Pkwy/2026-07-02/2026-07-02_18-48-29.jpg
2026-07-02,20:22:30,20260702_202230_ih30_carrier_pkwy_1,away from camera,General Purpose,"leftmost general purpose lane, westbound",GMC,Terrain,2018-2022,SUV,white,18000,28000,USD,claude_estimate,0.35,0.4,/home/runner/work/Research---EPL-equality/Research---EPL-equality/data/images/IH30 @ Carrier Pkwy/2026-07-02/2026-07-02_20-22-30.jpg
2026-07-02,20:22:30,20260702_202230_ih30_carrier_pkwy_2,away from camera,General Purpose,"second from left general purpose lane, westbound",Ford,Explorer,2016-2020,SUV,dark gray,15000,25000,USD,claude_estimate,0.25,0.35,/home/runner/work/Research---EPL-equality/Research---EPL-equality/data/images/IH30 @ Carrier Pkwy/2026-07-02/2026-07-02_20-22-30.jpg
2026-07-02,20:22:30,20260702_202230_ih30_carrier_pkwy_3,away from camera,General Purpose,"third from left general purpose lane, westbound",Chevrolet,Malibu,2016-2020,sedan,dark gray,11000,17000,USD,manual_lookup,0.25,0.6,/home/runner/work/Research---EPL-equality/Research---EPL-equality/data/images/IH30 @ Carrier Pkwy/2026-07-02/2026-07-02_20-22-30.jpg
2026-07-02,20:22:30,20260702_202230_ih30_carrier_pkwy_4,away from camera,General Purpose,"second from left general purpose lane, westbound, mid-distance",Toyota,Camry,2015-2019,sedan,silver,12000,20000,USD,manual_lookup,0.2,0.6,/home/runner/work/Research---EPL-equality/Research---EPL-equality/data/images/IH30 @ Carrier Pkwy/2026-07-02/2026-07-02_20-22-30.jpg
2026-07-02,20:22:30,20260702_202230_ih30_carrier_pkwy_5,away from camera,General Purpose,"leftmost general purpose lane, westbound, mid-distance",UNKNOWN,UNKNOWN,UNKNOWN,sedan,dark,10000,20000,USD,claude_estimate,0.15,0.2,/home/runner/work/Research---EPL-equality/Research---EPL-equality/data/images/IH30 @ Carrier Pkwy/2026-07-02/2026-07-02_20-22-30.jpg
2026-07-02,20:22:30,20260702_202230_ih30_carrier_pkwy_6,away from camera,General Purpose,"leftmost general purpose lane, eastbound near camera",Chevrolet,Tahoe,2015-2020,SUV,black,25000,45000,USD,claude_estimate,0.3,0.35,/home/runner/work/Research---EPL-equality/Research---EPL-equality/data/images/IH30 @ Carrier Pkwy/2026-07-02/2026-07-02_20-22-30.jpg
2026-07-02,20:22:30,20260702_202230_ih30_carrier_pkwy_7,toward camera,Express,"left express lane, eastbound",Volkswagen,Passat,2016-2020,sedan,gray,10000,18000,USD,claude_estimate,0.2,0.3,/home/runner/work/Research---EPL-equality/Research---EPL-equality/data/images/IH30 @ Carrier Pkwy/2026-07-02/2026-07-02_20-22-30.jpg
2026-07-02,20:22:30,20260702_202230_ih30_carrier_pkwy_8,toward camera,General Purpose,"rightmost general purpose lane, eastbound",Porsche,Panamera,2017-2021,sedan,silver,45000,85000,USD,claude_estimate,0.35,0.35,/home/runner/work/Research---EPL-equality/Research---EPL-equality/data/images/IH30 @ Carrier Pkwy/2026-07-02/2026-07-02_20-22-30.jpg
2026-07-02,20:22:30,20260702_202230_ih30_carrier_pkwy_9,toward camera,General Purpose,"second from right general purpose lane, eastbound, mid-distance",Ford,Mustang,2015-2020,sedan,dark,18000,32000,USD,claude_estimate,0.2,0.3,/home/runner/work/Research---EPL-equality/Research---EPL-equality/data/images/IH30 @ Carrier Pkwy/2026-07-02/2026-07-02_20-22-30.jpg
2026-07-02,20:22:30,20260702_202230_ih30_carrier_pkwy_10,toward camera,General Purpose,"rightmost general purpose lane, eastbound, mid-distance",UNKNOWN,UNKNOWN,UNKNOWN,SUV,black,15000,35000,USD,claude_estimate,0.15,0.2,/home/runner/work/Research---EPL-equality/Research---EPL-equality/data/images/IH30 @ Carrier Pkwy/2026-07-02/2026-07-02_20-22-30.jpg
2026-07-02,20:22:30,20260702_202230_ih30_carrier_pkwy_11,away from camera,General Purpose,"far distance westbound lanes, multiple vehicles",UNKNOWN,UNKNOWN,UNKNOWN,sedan,dark,10000,25000,USD,claude_estimate,0.1,0.15,/home/runner/work/Research---EPL-equality/Research---EPL-equality/data/images/IH30 @ Carrier Pkwy/2026-07-02/2026-07-02_20-22-30.jpg
2026-07-03,00:08:08,20260703_000808_ih30_carrier_pkwy_1,toward camera,General Purpose,leftmost general purpose lane (westbound),Honda,Civic,2016-2021,sedan,dark gray,11000,17000,USD,manual_lookup,0.25,0.6,/home/runner/work/Research---EPL-equality/Research---EPL-equality/data/images/IH30 @ Carrier Pkwy/2026-07-03/2026-07-03_00-08-08.jpg
2026-07-03,00:08:08,20260703_000808_ih30_carrier_pkwy_2,away from camera,General Purpose,second general purpose lane from left (eastbound),Toyota,Camry,2015-2020,sedan,dark,12000,20000,USD,manual_lookup,0.2,0.6,/home/runner/work/Research---EPL-equality/Research---EPL-equality/data/images/IH30 @ Carrier Pkwy/2026-07-03/2026-07-03_00-08-08.jpg
2026-07-03,00:08:08,20260703_000808_ih30_carrier_pkwy_3,away from camera,Express,left express lane (eastbound),UNKNOWN,UNKNOWN,UNKNOWN,sedan,dark,10000,20000,USD,claude_estimate,0.15,0.2,/home/runner/work/Research---EPL-equality/Research---EPL-equality/data/images/IH30 @ Carrier Pkwy/2026-07-03/2026-07-03_00-08-08.jpg
2026-07-03,00:08:08,20260703_000808_ih30_carrier_pkwy_4,away from camera,Express,right express lane (eastbound),UNKNOWN,UNKNOWN,UNKNOWN,sedan,dark,10000,20000,USD,claude_estimate,0.15,0.2,/home/runner/work/Research---EPL-equality/Research---EPL-equality/data/images/IH30 @ Carrier Pkwy/2026-07-03/2026-07-03_00-08-08.jpg
2026-07-03,00:08:08,20260703_000808_ih30_carrier_pkwy_5,away from camera,General Purpose,rightmost general purpose lane (eastbound),Chevrolet,Malibu,2016-2021,sedan,dark gray,11000,17000,USD,manual_lookup,0.2,0.6,/home/runner/work/Research---EPL-equality/Research---EPL-equality/data/images/IH30 @ Carrier Pkwy/2026-07-03/2026-07-03_00-08-08.jpg
2026-07-03,00:08:08,20260703_000808_ih30_carrier_pkwy_6,away from camera,General Purpose,"second general purpose lane from right (eastbound), mid-distance",UNKNOWN,UNKNOWN,UNKNOWN,sedan,dark,10000,20000,USD,claude_estimate,0.1,0.2,/home/runner/work/Research---EPL-equality/Research---EPL-equality/data/images/IH30 @ Carrier Pkwy/2026-07-03/2026-07-03_00-08-08.jpg
2026-07-03,00:08:08,20260703_000808_ih30_carrier_pkwy_7,away from camera,General Purpose,left general purpose lane far distance (eastbound cluster),UNKNOWN,UNKNOWN,UNKNOWN,UNKNOWN,UNKNOWN,UNKNOWN,UNKNOWN,USD,UNKNOWN,0.1,0.0,/home/runner/work/Research---EPL-equality/Research---EPL-equality/data/images/IH30 @ Carrier Pkwy/2026-07-03/2026-07-03_00-08-08.jpg
2026-07-03,03:27:11,20260703_032711_ih30_carrier_pkwy_1,away from camera,General Purpose,leftmost general purpose lane (bottom-left of frame),Honda,Civic,2016-2021,sedan,silver/gray,11000,17000,USD,manual_lookup,0.2,0.6,/home/runner/work/Research---EPL-equality/Research---EPL-equality/data/images/IH30 @ Carrier Pkwy/2026-07-03/2026-07-03_03-27-11.jpg
2026-07-03,03:27:11,20260703_032711_ih30_carrier_pkwy_2,toward camera,General Purpose,left-center general purpose lane (oncoming traffic side),UNKNOWN,UNKNOWN,UNKNOWN,sedan,white,10000,25000,USD,claude_estimate,0.15,0.2,/home/runner/work/Research---EPL-equality/Research---EPL-equality/data/images/IH30 @ Carrier Pkwy/2026-07-03/2026-07-03_03-27-11.jpg
2026-07-03,03:27:11,20260703_032711_ih30_carrier_pkwy_3,away from camera,General Purpose,center-right general purpose lane (mid-distance),Freightliner,Cascadia,2015-2022,semi-truck,white,40000,90000,USD,claude_estimate,0.25,0.25,/home/runner/work/Research---EPL-equality/Research---EPL-equality/data/images/IH30 @ Carrier Pkwy/2026-07-03/2026-07-03_03-27-11.jpg
2026-07-03,03:27:11,20260703_032711_ih30_carrier_pkwy_4,away from camera,General Purpose,right-side general purpose lane (mid-distance),UNKNOWN,UNKNOWN,UNKNOWN,sedan,red/dark red,8000,22000,USD,claude_estimate,0.15,0.2,/home/runner/work/Research---EPL-equality/Research---EPL-equality/data/images/IH30 @ Carrier Pkwy/2026-07-03/2026-07-03_03-27-11.jpg
2026-07-03,06:10:52,20260703_061052_ih30_carrier_pkwy_1,away from camera,General Purpose,leftmost general purpose lane (westbound),Toyota,Camry,2018-2022,sedan,white,12000,20000,USD,manual_lookup,0.25,0.6,/home/runner/work/Research---EPL-equality/Research---EPL-equality/data/images/IH30 @ Carrier Pkwy/2026-07-03/2026-07-03_06-10-52.jpg
2026-07-03,06:10:52,20260703_061052_ih30_carrier_pkwy_2,away from camera,Express,left express lane,UNKNOWN,UNKNOWN,UNKNOWN,UNKNOWN,blue/purple,10000,30000,USD,claude_estimate,0.1,0.1,/home/runner/work/Research---EPL-equality/Research---EPL-equality/data/images/IH30 @ Carrier Pkwy/2026-07-03/2026-07-03_06-10-52.jpg
2026-07-03,06:10:52,20260703_061052_ih30_carrier_pkwy_3,away from camera,Express,right express lane,UNKNOWN,UNKNOWN,UNKNOWN,UNKNOWN,blue/purple,10000,30000,USD,claude_estimate,0.1,0.1,/home/runner/work/Research---EPL-equality/Research---EPL-equality/data/images/IH30 @ Carrier Pkwy/2026-07-03/2026-07-03_06-10-52.jpg
2026-07-03,06:10:52,20260703_061052_ih30_carrier_pkwy_4,away from camera,General Purpose,rightmost general purpose lane far background,UNKNOWN,UNKNOWN,UNKNOWN,SUV,dark,15000,40000,USD,claude_estimate,0.1,0.15,/home/runner/work/Research---EPL-equality/Research---EPL-equality/data/images/IH30 @ Carrier Pkwy/2026-07-03/2026-07-03_06-10-52.jpg
2026-07-03,06:10:52,20260703_061052_ih30_carrier_pkwy_5,toward camera,General Purpose,second from right general purpose lane (eastbound),Peterbilt,flatbed semi,2015-2022,semi-truck,green,60000,150000,USD,claude_estimate,0.25,0.2,/home/runner/work/Research---EPL-equality/Research---EPL-equality/data/images/IH30 @ Carrier Pkwy/2026-07-03/2026-07-03_06-10-52.jpg
2026-07-03,06:10:52,20260703_061052_ih30_carrier_pkwy_6,toward camera,General Purpose,third from right general purpose lane (eastbound),Ford,Transit,2015-2021,van,white,20000,38000,USD,claude_estimate,0.3,0.3,/home/runner/work/Research---EPL-equality/Research---EPL-equality/data/images/IH30 @ Carrier Pkwy/2026-07-03/2026-07-03_06-10-52.jpg
2026-07-03,06:10:52,20260703_061052_ih30_carrier_pkwy_7,toward camera,General Purpose,rightmost general purpose lane (eastbound),UNKNOWN,UNKNOWN,UNKNOWN,semi-truck,white,50000,130000,USD,claude_estimate,0.15,0.15,/home/runner/work/Research---EPL-equality/Research---EPL-equality/data/images/IH30 @ Carrier Pkwy/2026-07-03/2026-07-03_06-10-52.jpg
2026-07-03,08:11:45,20260703_081145_ih30_carrier_pkwy_1,away from camera,General Purpose,leftmost general purpose lane (westbound),Ford,Explorer,2016-2020,SUV,dark green,18000,28000,USD,claude_estimate,0.25,0.35,/home/runner/work/Research---EPL-equality/Research---EPL-equality/data/images/IH30 @ Carrier Pkwy/2026-07-03/2026-07-03_08-11-45.jpg
2026-07-03,08:11:45,20260703_081145_ih30_carrier_pkwy_2,away from camera,General Purpose,second from left general purpose lane (westbound),Ford,F-150,2015-2020,pickup truck,dark gray,20000,32000,USD,manual_lookup,0.25,0.6,/home/runner/work/Research---EPL-equality/Research---EPL-equality/data/images/IH30 @ Carrier Pkwy/2026-07-03/2026-07-03_08-11-45.jpg
2026-07-03,08:11:45,20260703_081145_ih30_carrier_pkwy_3,away from camera,General Purpose,third from left general purpose lane (westbound),Toyota,Camry,2018-2022,sedan,white,12000,20000,USD,manual_lookup,0.25,0.6,/home/runner/work/Research---EPL-equality/Research---EPL-equality/data/images/IH30 @ Carrier Pkwy/2026-07-03/2026-07-03_08-11-45.jpg
2026-07-03,08:11:45,20260703_081145_ih30_carrier_pkwy_4,away from camera,Express,left express lane,UNKNOWN,UNKNOWN,UNKNOWN,motorcycle,dark,5000,12000,USD,claude_estimate,0.2,0.2,/home/runner/work/Research---EPL-equality/Research---EPL-equality/data/images/IH30 @ Carrier Pkwy/2026-07-03/2026-07-03_08-11-45.jpg
2026-07-03,08:11:45,20260703_081145_ih30_carrier_pkwy_5,away from camera,Express,right express lane,Toyota,Corolla,2019-2023,sedan,white,20000,26000,USD,manual_lookup,0.22,0.6,/home/runner/work/Research---EPL-equality/Research---EPL-equality/data/images/IH30 @ Carrier Pkwy/2026-07-03/2026-07-03_08-11-45.jpg
2026-07-03,08:11:45,20260703_081145_ih30_carrier_pkwy_6,away from camera,General Purpose,second from right general purpose lane (westbound),Honda,Accord,2018-2022,sedan,red/maroon,13000,20000,USD,manual_lookup,0.22,0.6,/home/runner/work/Research---EPL-equality/Research---EPL-equality/data/images/IH30 @ Carrier Pkwy/2026-07-03/2026-07-03_08-11-45.jpg
2026-07-03,08:11:45,20260703_081145_ih30_carrier_pkwy_7,away from camera,General Purpose,"second from right general purpose lane (westbound), mid-distance",Honda,Civic,2019-2023,sedan,white,22000,28000,USD,manual_lookup,0.22,0.6,/home/runner/work/Research---EPL-equality/Research---EPL-equality/data/images/IH30 @ Carrier Pkwy/2026-07-03/2026-07-03_08-11-45.jpg
2026-07-03,08:11:45,20260703_081145_ih30_carrier_pkwy_8,away from camera,General Purpose,"second from right general purpose lane (westbound), near camera",Nissan,Altima,2019-2023,sedan,white,21000,27000,USD,manual_lookup,0.25,0.6,/home/runner/work/Research---EPL-equality/Research---EPL-equality/data/images/IH30 @ Carrier Pkwy/2026-07-03/2026-07-03_08-11-45.jpg
2026-07-03,08:11:45,20260703_081145_ih30_carrier_pkwy_9,away from camera,General Purpose,"rightmost general purpose lane (westbound), TxDOT service vehicle",Ford,F-250,2018-2022,pickup truck,white/yellow chevron,28000,45000,USD,claude_estimate,0.4,0.35,/home/runner/work/Research---EPL-equality/Research---EPL-equality/data/images/IH30 @ Carrier Pkwy/2026-07-03/2026-07-03_08-11-45.jpg
2026-07-03,08:11:45,20260703_081145_ih30_carrier_pkwy_10,away from camera,General Purpose,"rightmost general purpose lane (westbound), near camera",Ford,Explorer,2020-2024,SUV,white,28000,42000,USD,claude_estimate,0.28,0.3,/home/runner/work/Research---EPL-equality/Research---EPL-equality/data/images/IH30 @ Carrier Pkwy/2026-07-03/2026-07-03_08-11-45.jpg
2026-07-03,09:42:11,20260703_094211_ih30_carrier_pkwy_1,away from camera,General Purpose,leftmost general purpose lane (westbound),Honda,Civic,2017-2021,sedan,white,11000,17000,USD,manual_lookup,0.35,0.6,/home/runner/work/Research---EPL-equality/Research---EPL-equality/data/images/IH30 @ Carrier Pkwy/2026-07-03/2026-07-03_09-42-11.jpg
2026-07-03,09:42:11,20260703_094211_ih30_carrier_pkwy_2,away from camera,General Purpose,second from left general purpose lane (westbound),Dodge,Charger,2015-2020,sedan,dark red/maroon,18000,28000,USD,claude_estimate,0.25,0.3,/home/runner/work/Research---EPL-equality/Research---EPL-equality/data/images/IH30 @ Carrier Pkwy/2026-07-03/2026-07-03_09-42-11.jpg
2026-07-03,09:42:11,20260703_094211_ih30_carrier_pkwy_3,away from camera,General Purpose,second from left general purpose lane (westbound),Ford,Explorer,2018-2022,SUV,dark green,22000,38000,USD,claude_estimate,0.3,0.35,/home/runner/work/Research---EPL-equality/Research---EPL-equality/data/images/IH30 @ Carrier Pkwy/2026-07-03/2026-07-03_09-42-11.jpg
2026-07-03,09:42:11,20260703_094211_ih30_carrier_pkwy_4,away from camera,General Purpose,third from left general purpose lane (westbound),Ford,Mustang,2018-2023,sedan,dark green,22000,38000,USD,claude_estimate,0.25,0.3,/home/runner/work/Research---EPL-equality/Research---EPL-equality/data/images/IH30 @ Carrier Pkwy/2026-07-03/2026-07-03_09-42-11.jpg
2026-07-03,09:42:11,20260703_094211_ih30_carrier_pkwy_5,away from camera,General Purpose,"third from left general purpose lane (westbound), mid-distance",UNKNOWN,UNKNOWN,UNKNOWN,sedan,dark,10000,25000,USD,claude_estimate,0.15,0.2,/home/runner/work/Research---EPL-equality/Research---EPL-equality/data/images/IH30 @ Carrier Pkwy/2026-07-03/2026-07-03_09-42-11.jpg
2026-07-03,09:42:11,20260703_094211_ih30_carrier_pkwy_6,away from camera,General Purpose,"second from left general purpose lane (westbound), mid-distance",UNKNOWN,UNKNOWN,UNKNOWN,sedan,dark red,10000,22000,USD,claude_estimate,0.15,0.2,/home/runner/work/Research---EPL-equality/Research---EPL-equality/data/images/IH30 @ Carrier Pkwy/2026-07-03/2026-07-03_09-42-11.jpg
2026-07-03,09:42:11,20260703_094211_ih30_carrier_pkwy_7,away from camera,General Purpose,"leftmost general purpose lane (westbound), far distance",UNKNOWN,UNKNOWN,UNKNOWN,SUV,dark,12000,28000,USD,claude_estimate,0.1,0.15,/home/runner/work/Research---EPL-equality/Research---EPL-equality/data/images/IH30 @ Carrier Pkwy/2026-07-03/2026-07-03_09-42-11.jpg
2026-07-03,09:42:11,20260703_094211_ih30_carrier_pkwy_8,away from camera,General Purpose,"rightmost general purpose lane (eastbound side, toward camera direction - right side)",Freightliner,Cascadia,2015-2022,semi-truck,silver/gray,60000,120000,USD,claude_estimate,0.3,0.3,/home/runner/work/Research---EPL-equality/Research---EPL-equality/data/images/IH30 @ Carrier Pkwy/2026-07-03/2026-07-03_09-42-11.jpg
2026-07-03,09:42:11,20260703_094211_ih30_carrier_pkwy_9,away from camera,General Purpose,second from right general purpose lane (right side),UNKNOWN,UNKNOWN,UNKNOWN,SUV,black,15000,35000,USD,claude_estimate,0.15,0.2,/home/runner/work/Research---EPL-equality/Research---EPL-equality/data/images/IH30 @ Carrier Pkwy/2026-07-03/2026-07-03_09-42-11.jpg
2026-07-03,09:42:11,20260703_094211_ih30_carrier_pkwy_10,away from camera,General Purpose,"second from right general purpose lane (right side), closer to camera",Nissan,Leaf,2018-2023,sedan,white,12000,22000,USD,claude_estimate,0.3,0.35,/home/runner/work/Research---EPL-equality/Research---EPL-equality/data/images/IH30 @ Carrier Pkwy/2026-07-03/2026-07-03_09-42-11.jpg
2026-07-03,09:47:09,20260703_094709_ih30_carrier_pkwy_1,right,General Purpose,"leftmost general purpose lane, upper level/overpass",Ford,F-150,2015-2020,pickup truck,dark gray,20000,32000,USD,manual_lookup,0.25,0.6,/home/runner/work/Research---EPL-equality/Research---EPL-equality/data/images/IH30 @ Carrier Pkwy/2026-07-03/2026-07-03_09-47-09.jpg
2026-07-03,09:47:09,20260703_094709_ih30_carrier_pkwy_2,away from camera,General Purpose,"second general purpose lane from left, westbound",Chevrolet,Malibu,2016-2021,sedan,dark gray,11000,17000,USD,manual_lookup,0.2,0.6,/home/runner/work/Research---EPL-equality/Research---EPL-equality/data/images/IH30 @ Carrier Pkwy/2026-07-03/2026-07-03_09-47-09.jpg
2026-07-03,09:47:09,20260703_094709_ih30_carrier_pkwy_3,away from camera,General Purpose,"third general purpose lane from left, westbound",Ford,Explorer,2016-2021,SUV,white,18000,30000,USD,claude_estimate,0.25,0.3,/home/runner/work/Research---EPL-equality/Research---EPL-equality/data/images/IH30 @ Carrier Pkwy/2026-07-03/2026-07-03_09-47-09.jpg
2026-07-03,09:47:09,20260703_094709_ih30_carrier_pkwy_4,away from camera,General Purpose,"second general purpose lane from left, westbound, mid-distance",Toyota,Camry,2015-2020,sedan,dark charcoal,12000,20000,USD,manual_lookup,0.2,0.6,/home/runner/work/Research---EPL-equality/Research---EPL-equality/data/images/IH30 @ Carrier Pkwy/2026-07-03/2026-07-03_09-47-09.jpg
2026-07-03,09:47:09,20260703_094709_ih30_carrier_pkwy_5,away from camera,General Purpose,"leftmost general purpose lane, westbound, far distance",UNKNOWN,UNKNOWN,UNKNOWN,sedan,dark,8000,20000,USD,claude_estimate,0.1,0.2,/home/runner/work/Research---EPL-equality/Research---EPL-equality/data/images/IH30 @ Carrier Pkwy/2026-07-03/2026-07-03_09-47-09.jpg
2026-07-03,09:47:09,20260703_094709_ih30_carrier_pkwy_6,away from camera,General Purpose,"leftmost general purpose lane, westbound, very far distance near overpass",UNKNOWN,UNKNOWN,UNKNOWN,SUV,dark,10000,25000,USD,claude_estimate,0.1,0.2,/home/runner/work/Research---EPL-equality/Research---EPL-equality/data/images/IH30 @ Carrier Pkwy/2026-07-03/2026-07-03_09-47-09.jpg
2026-07-03,09:47:09,20260703_094709_ih30_carrier_pkwy_7,away from camera,General Purpose,"rightmost general purpose lane, eastbound direction or far right westbound",UNKNOWN,UNKNOWN,UNKNOWN,sedan,dark,8000,20000,USD,claude_estimate,0.1,0.2,/home/runner/work/Research---EPL-equality/Research---EPL-equality/data/images/IH30 @ Carrier Pkwy/2026-07-03/2026-07-03_09-47-09.jpg
2026-07-03,09:47:09,20260703_094709_ih30_carrier_pkwy_8,left,General Purpose,"leftmost general purpose lane, bottom-left foreground",Honda,Civic,2016-2021,sedan,dark green,11000,17000,USD,manual_lookup,0.2,0.6,/home/runner/work/Research---EPL-equality/Research---EPL-equality/data/images/IH30 @ Carrier Pkwy/2026-07-03/2026-07-03_09-47-09.jpg
2026-07-03,09:47:09,20260703_094709_ih30_carrier_pkwy_9,left,General Purpose,"bottom-left corner, partial vehicle visible",Toyota,Camry,2018-2022,sedan,white,12000,20000,USD,manual_lookup,0.15,0.6,/home/runner/work/Research---EPL-equality/Research---EPL-equality/data/images/IH30 @ Carrier Pkwy/2026-07-03/2026-07-03_09-47-09.jpg
2026-07-03,09:52:09,20260703_095209_ih30_carrier_pkwy_1,away from camera,General Purpose,leftmost general purpose lane (westbound),Ford,Mustang,2015-2020,sedan,black,18000,28000,USD,claude_estimate,0.3,0.3,/home/runner/work/Research---EPL-equality/Research---EPL-equality/data/images/IH30 @ Carrier Pkwy/2026-07-03/2026-07-03_09-52-09.jpg
2026-07-03,09:52:09,20260703_095209_ih30_carrier_pkwy_2,away from camera,General Purpose,second from left general purpose lane (westbound),UNKNOWN,UNKNOWN,UNKNOWN,sedan,dark gray,8000,18000,USD,claude_estimate,0.15,0.2,/home/runner/work/Research---EPL-equality/Research---EPL-equality/data/images/IH30 @ Carrier Pkwy/2026-07-03/2026-07-03_09-52-09.jpg
2026-07-03,09:52:09,20260703_095209_ih30_carrier_pkwy_3,away from camera,General Purpose,rightmost general purpose lane far left side (eastbound far left),Ford,F-Series,2010-2016,pickup truck,silver,12000,22000,USD,claude_estimate,0.25,0.3,/home/runner/work/Research---EPL-equality/Research---EPL-equality/data/images/IH30 @ Carrier Pkwy/2026-07-03/2026-07-03_09-52-09.jpg
2026-07-03,09:52:09,20260703_095209_ih30_carrier_pkwy_4,away from camera,General Purpose,second general purpose lane from left (eastbound),Ford,Escape,2017-2022,SUV,silver,14000,24000,USD,claude_estimate,0.25,0.3,/home/runner/work/Research---EPL-equality/Research---EPL-equality/data/images/IH30 @ Carrier Pkwy/2026-07-03/2026-07-03_09-52-09.jpg
2026-07-03,09:52:09,20260703_095209_ih30_carrier_pkwy_5,away from camera,General Purpose,third general purpose lane from left (eastbound),Chevrolet,Silverado,2014-2018,pickup truck,dark green,20000,32000,USD,manual_lookup,0.25,0.6,/home/runner/work/Research---EPL-equality/Research---EPL-equality/data/images/IH30 @ Carrier Pkwy/2026-07-03/2026-07-03_09-52-09.jpg
2026-07-03,09:52:09,20260703_095209_ih30_carrier_pkwy_6,away from camera,General Purpose,middle-right general purpose lane (eastbound),Jeep,Grand Cherokee,2014-2020,SUV,dark gray,16000,28000,USD,claude_estimate,0.25,0.3,/home/runner/work/Research---EPL-equality/Research---EPL-equality/data/images/IH30 @ Carrier Pkwy/2026-07-03/2026-07-03_09-52-09.jpg
2026-07-03,09:52:09,20260703_095209_ih30_carrier_pkwy_7,away from camera,General Purpose,third general purpose lane from right (eastbound),Dodge,Ram 1500,2009-2015,pickup truck,dark red,12000,22000,USD,claude_estimate,0.25,0.3,/home/runner/work/Research---EPL-equality/Research---EPL-equality/data/images/IH30 @ Carrier Pkwy/2026-07-03/2026-07-03_09-52-09.jpg
2026-07-03,09:52:09,20260703_095209_ih30_carrier_pkwy_8,away from camera,General Purpose,second general purpose lane from right (eastbound),Ford,Explorer,2016-2021,SUV,black,16000,28000,USD,claude_estimate,0.25,0.3,/home/runner/work/Research---EPL-equality/Research---EPL-equality/data/images/IH30 @ Carrier Pkwy/2026-07-03/2026-07-03_09-52-09.jpg
2026-07-03,09:52:09,20260703_095209_ih30_carrier_pkwy_9,away from camera,General Purpose,rightmost general purpose lane (eastbound),Chevrolet,Malibu,2016-2021,sedan,dark gray,11000,17000,USD,manual_lookup,0.2,0.6,/home/runner/work/Research---EPL-equality/Research---EPL-equality/data/images/IH30 @ Carrier Pkwy/2026-07-03/2026-07-03_09-52-09.jpg
2026-07-03,09:52:09,20260703_095209_ih30_carrier_pkwy_10,away from camera,General Purpose,"far right general purpose lane (eastbound, partially cut off)",Honda,Accord,2016-2022,sedan,white,13000,20000,USD,manual_lookup,0.2,0.6,/home/runner/work/Research---EPL-equality/Research---EPL-equality/data/images/IH30 @ Carrier Pkwy/2026-07-03/2026-07-03_09-52-09.jpg
2026-07-03,09:52:09,20260703_095209_ih30_carrier_pkwy_11,away from camera,General Purpose,"far left general purpose lane distant (eastbound, near overpass)",Volvo,Semi Truck,2010-2020,semi-truck,teal/turquoise,40000,90000,USD,claude_estimate,0.3,0.2,/home/runner/work/Research---EPL-equality/Research---EPL-equality/data/images/IH30 @ Carrier Pkwy/2026-07-03/2026-07-03_09-52-09.jpg
2026-07-03,09:57:09,20260703_095709_ih30_carrier_pkwy_1,away from camera,General Purpose,leftmost general purpose lane (westbound),GMC,Yukon,2015-2020,SUV,dark green,22000,38000,USD,claude_estimate,0.3,0.35,/home/runner/work/Research---EPL-equality/Research---EPL-equality/data/images/IH30 @ Carrier Pkwy/2026-07-03/2026-07-03_09-57-09.jpg
2026-07-03,09:57:09,20260703_095709_ih30_carrier_pkwy_2,away from camera,General Purpose,second from left general purpose lane (westbound),GMC,Sierra,2014-2019,pickup truck,white,18000,32000,USD,claude_estimate,0.25,0.3,/home/runner/work/Research---EPL-equality/Research---EPL-equality/data/images/IH30 @ Carrier Pkwy/2026-07-03/2026-07-03_09-57-09.jpg
2026-07-03,09:57:09,20260703_095709_ih30_carrier_pkwy_3,away from camera,General Purpose,third from left general purpose lane (westbound),Dodge,Charger,2015-2021,sedan,dark red/maroon,14000,24000,USD,claude_estimate,0.25,0.3,/home/runner/work/Research---EPL-equality/Research---EPL-equality/data/images/IH30 @ Carrier Pkwy/2026-07-03/2026-07-03_09-57-09.jpg
2026-07-03,09:57:09,20260703_095709_ih30_carrier_pkwy_4,away from camera,General Purpose,"fourth from left general purpose lane (westbound), near express lane barrier",Ford,Escape,2017-2022,SUV,dark gray,14000,24000,USD,claude_estimate,0.2,0.3,/home/runner/work/Research---EPL-equality/Research---EPL-equality/data/images/IH30 @ Carrier Pkwy/2026-07-03/2026-07-03_09-57-09.jpg
2026-07-03,09:57:09,20260703_095709_ih30_carrier_pkwy_5,away from camera,General Purpose,"leftmost general purpose lane, mid-distance (westbound)",UNKNOWN,UNKNOWN,UNKNOWN,semi-truck,white,60000,100000,USD,claude_estimate,0.2,0.2,/home/runner/work/Research---EPL-equality/Research---EPL-equality/data/images/IH30 @ Carrier Pkwy/2026-07-03/2026-07-03_09-57-09.jpg
2026-07-03,09:57:09,20260703_095709_ih30_carrier_pkwy_6,away from camera,General Purpose,"middle-left general purpose lane, mid-distance (westbound)",Toyota,Camry,2018-2023,sedan,dark gray,12000,20000,USD,manual_lookup,0.2,0.6,/home/runner/work/Research---EPL-equality/Research---EPL-equality/data/images/IH30 @ Carrier Pkwy/2026-07-03/2026-07-03_09-57-09.jpg
2026-07-03,09:57:09,20260703_095709_ih30_carrier_pkwy_7,away from camera,General Purpose,"right-side general purpose lane, mid-distance (westbound)",UNKNOWN,UNKNOWN,UNKNOWN,sedan,dark,10000,22000,USD,claude_estimate,0.15,0.2,/home/runner/work/Research---EPL-equality/Research---EPL-equality/data/images/IH30 @ Carrier Pkwy/2026-07-03/2026-07-03_09-57-09.jpg
2026-07-03,09:57:09,20260703_095709_ih30_carrier_pkwy_8,away from camera,General Purpose,"far right general purpose lane, mid-distance (westbound)",UNKNOWN,UNKNOWN,UNKNOWN,sedan,silver/gray,10000,22000,USD,claude_estimate,0.15,0.2,/home/runner/work/Research---EPL-equality/Research---EPL-equality/data/images/IH30 @ Carrier Pkwy/2026-07-03/2026-07-03_09-57-09.jpg
2026-07-03,09:57:09,20260703_095709_ih30_carrier_pkwy_9,away from camera,General Purpose,"rightmost general purpose lane (westbound), foreground",Freightliner,Cascadia,2016-2022,semi-truck,white/gray,80000,150000,USD,claude_estimate,0.35,0.3,/home/runner/work/Research---EPL-equality/Research---EPL-equality/data/images/IH30 @ Carrier Pkwy/2026-07-03/2026-07-03_09-57-09.jpg
2026-07-03,09:57:09,20260703_095709_ih30_carrier_pkwy_10,away from camera,General Purpose,"second from right general purpose lane (westbound), foreground",Honda,Accord,2018-2023,sedan,black,13000,20000,USD,manual_lookup,0.2,0.6,/home/runner/work/Research---EPL-equality/Research---EPL-equality/data/images/IH30 @ Carrier Pkwy/2026-07-03/2026-07-03_09-57-09.jpg
2026-07-03,10:02:09,20260703_100209_ih30_carrier_pkwy_1,away from camera,General Purpose,leftmost general purpose lane (westbound),Freightliner,Cascadia,2016-2022,semi-truck,white,80000,140000,USD,claude_estimate,0.45,0.3,/home/runner/work/Research---EPL-equality/Research---EPL-equality/data/images/IH30 @ Carrier Pkwy/2026-07-03/2026-07-03_10-02-09.jpg
2026-07-03,10:02:09,20260703_100209_ih30_carrier_pkwy_2,away from camera,General Purpose,second from left general purpose lane (westbound),Ford,F-150,2015-2020,pickup truck,dark gray,20000,32000,USD,manual_lookup,0.3,0.6,/home/runner/work/Research---EPL-equality/Research---EPL-equality/data/images/IH30 @ Carrier Pkwy/2026-07-03/2026-07-03_10-02-09.jpg
2026-07-03,10:02:09,20260703_100209_ih30_carrier_pkwy_3,away from camera,General Purpose,third from left general purpose lane (westbound),Chevrolet,Suburban,2015-2020,SUV,dark green,22000,38000,USD,claude_estimate,0.3,0.3,/home/runner/work/Research---EPL-equality/Research---EPL-equality/data/images/IH30 @ Carrier Pkwy/2026-07-03/2026-07-03_10-02-09.jpg
2026-07-03,10:02:09,20260703_100209_ih30_carrier_pkwy_4,away from camera,General Purpose,second from right general purpose lane (eastbound),Honda,Accord,2016-2021,sedan,silver,13000,20000,USD,manual_lookup,0.25,0.6,/home/runner/work/Research---EPL-equality/Research---EPL-equality/data/images/IH30 @ Carrier Pkwy/2026-07-03/2026-07-03_10-02-09.jpg
2026-07-03,10:02:09,20260703_100209_ih30_carrier_pkwy_5,toward camera,General Purpose,rightmost general purpose lane (eastbound),Toyota,Camry,2017-2022,sedan,silver,12000,20000,USD,manual_lookup,0.25,0.6,/home/runner/work/Research---EPL-equality/Research---EPL-equality/data/images/IH30 @ Carrier Pkwy/2026-07-03/2026-07-03_10-02-09.jpg
2026-07-03,10:07:09,20260703_100709_ih30_carrier_pkwy_1,away from camera,General Purpose,leftmost general purpose lane westbound,UNKNOWN,UNKNOWN,UNKNOWN,UNKNOWN,white,15000,30000,USD,claude_estimate,0.1,0.1,/home/runner/work/Research---EPL-equality/Research---EPL-equality/data/images/IH30 @ Carrier Pkwy/2026-07-03/2026-07-03_10-07-09.jpg
2026-07-03,10:07:09,20260703_100709_ih30_carrier_pkwy_2,away from camera,General Purpose,second from left general purpose lane westbound,Freightliner,Cascadia,2018-2022,semi-truck,white,80000,140000,USD,claude_estimate,0.35,0.3,/home/runner/work/Research---EPL-equality/Research---EPL-equality/data/images/IH30 @ Carrier Pkwy/2026-07-03/2026-07-03_10-07-09.jpg
2026-07-03,10:07:09,20260703_100709_ih30_carrier_pkwy_3,away from camera,General Purpose,third from left general purpose lane westbound,Dodge,Charger,2015-2020,sedan,dark red,18000,28000,USD,claude_estimate,0.2,0.25,/home/runner/work/Research---EPL-equality/Research---EPL-equality/data/images/IH30 @ Carrier Pkwy/2026-07-03/2026-07-03_10-07-09.jpg
2026-07-03,10:07:09,20260703_100709_ih30_carrier_pkwy_4,away from camera,General Purpose,fourth from left general purpose lane westbound,Honda,Accord,2016-2020,sedan,dark gray,13000,20000,USD,manual_lookup,0.2,0.6,/home/runner/work/Research---EPL-equality/Research---EPL-equality/data/images/IH30 @ Carrier Pkwy/2026-07-03/2026-07-03_10-07-09.jpg
2026-07-03,10:07:09,20260703_100709_ih30_carrier_pkwy_5,away from camera,Express,left express lane westbound,UNKNOWN,UNKNOWN,UNKNOWN,van,gray,25000,45000,USD,claude_estimate,0.15,0.15,/home/runner/work/Research---EPL-equality/Research---EPL-equality/data/images/IH30 @ Carrier Pkwy/2026-07-03/2026-07-03_10-07-09.jpg
2026-07-03,10:07:09,20260703_100709_ih30_carrier_pkwy_6,away from camera,Express,right express lane westbound,UNKNOWN,UNKNOWN,UNKNOWN,sedan,white,15000,25000,USD,claude_estimate,0.1,0.15,/home/runner/work/Research---EPL-equality/Research---EPL-equality/data/images/IH30 @ Carrier Pkwy/2026-07-03/2026-07-03_10-07-09.jpg
2026-07-03,10:07:09,20260703_100709_ih30_carrier_pkwy_7,away from camera,General Purpose,leftmost general purpose lane eastbound or far right westbound,UNKNOWN,UNKNOWN,UNKNOWN,SUV,dark gray,20000,40000,USD,claude_estimate,0.1,0.15,/home/runner/work/Research---EPL-equality/Research---EPL-equality/data/images/IH30 @ Carrier Pkwy/2026-07-03/2026-07-03_10-07-09.jpg
2026-07-03,10:07:09,20260703_100709_ih30_carrier_pkwy_8,away from camera,General Purpose,second general purpose lane from right westbound,UNKNOWN,UNKNOWN,UNKNOWN,sedan,dark red,12000,25000,USD,claude_estimate,0.1,0.15,/home/runner/work/Research---EPL-equality/Research---EPL-equality/data/images/IH30 @ Carrier Pkwy/2026-07-03/2026-07-03_10-07-09.jpg
2026-07-03,10:07:09,20260703_100709_ih30_carrier_pkwy_9,away from camera,General Purpose,middle general purpose lane far distance westbound,UNKNOWN,UNKNOWN,UNKNOWN,sedan,white,12000,25000,USD,claude_estimate,0.1,0.1,/home/runner/work/Research---EPL-equality/Research---EPL-equality/data/images/IH30 @ Carrier Pkwy/2026-07-03/2026-07-03_10-07-09.jpg
2026-07-03,10:07:09,20260703_100709_ih30_carrier_pkwy_10,away from camera,General Purpose,rightmost visible general purpose lane westbound foreground,Ford,Explorer,2016-2020,SUV,dark gray,22000,35000,USD,claude_estimate,0.25,0.25,/home/runner/work/Research---EPL-equality/Research---EPL-equality/data/images/IH30 @ Carrier Pkwy/2026-07-03/2026-07-03_10-07-09.jpg
2026-07-03,10:07:09,20260703_100709_ih30_carrier_pkwy_11,away from camera,General Purpose,rightmost general purpose lane westbound foreground,Toyota,RAV4,2018-2022,SUV,red,24000,36000,USD,claude_estimate,0.2,0.25,/home/runner/work/Research---EPL-equality/Research---EPL-equality/data/images/IH30 @ Carrier Pkwy/2026-07-03/2026-07-03_10-07-09.jpg
2026-07-03,10:12:09,20260703_101209_ih30_carrier_pkwy_1,away from camera,General Purpose,leftmost general purpose lane (westbound),Ford,Explorer,2016-2021,SUV,dark green,18000,32000,USD,claude_estimate,0.3,0.35,/home/runner/work/Research---EPL-equality/Research---EPL-equality/data/images/IH30 @ Carrier Pkwy/2026-07-03/2026-07-03_10-12-09.jpg
2026-07-03,10:12:09,20260703_101209_ih30_carrier_pkwy_2,away from camera,General Purpose,rightmost general purpose lane (eastbound),Chevrolet,Malibu,2016-2020,sedan,dark gray,11000,17000,USD,manual_lookup,0.25,0.6,/home/runner/work/Research---EPL-equality/Research---EPL-equality/data/images/IH30 @ Carrier Pkwy/2026-07-03/2026-07-03_10-12-09.jpg
2026-07-03,10:12:09,20260703_101209_ih30_carrier_pkwy_3,toward camera,General Purpose,second from right general purpose lane (eastbound),Toyota,Camry,2018-2022,sedan,dark teal,12000,20000,USD,manual_lookup,0.25,0.6,/home/runner/work/Research---EPL-equality/Research---EPL-equality/data/images/IH30 @ Carrier Pkwy/2026-07-03/2026-07-03_10-12-09.jpg
2026-07-03,10:12:09,20260703_101209_ih30_carrier_pkwy_4,toward camera,General Purpose,third from right general purpose lane (eastbound),Honda,Accord,2017-2021,sedan,black,13000,20000,USD,manual_lookup,0.22,0.6,/home/runner/work/Research---EPL-equality/Research---EPL-equality/data/images/IH30 @ Carrier Pkwy/2026-07-03/2026-07-03_10-12-09.jpg
2026-07-03,10:12:09,20260703_101209_ih30_carrier_pkwy_5,away from camera,General Purpose,far left general purpose lane distant (westbound),UNKNOWN,UNKNOWN,UNKNOWN,sedan,dark,8000,20000,USD,claude_estimate,0.1,0.15,/home/runner/work/Research---EPL-equality/Research---EPL-equality/data/images/IH30 @ Carrier Pkwy/2026-07-03/2026-07-03_10-12-09.jpg
2026-07-03,10:17:09,20260703_101709_ih30_carrier_pkwy_1,away from camera,General Purpose,leftmost general purpose lane westbound,Ford,Explorer,2018-2022,SUV,dark green,22000,35000,USD,claude_estimate,0.3,0.3,/home/runner/work/Research---EPL-equality/Research---EPL-equality/data/images/IH30 @ Carrier Pkwy/2026-07-03/2026-07-03_10-17-09.jpg
2026-07-03,10:17:09,20260703_101709_ih30_carrier_pkwy_2,away from camera,General Purpose,second from left general purpose lane westbound,Toyota,Camry,2018-2022,sedan,white,12000,20000,USD,manual_lookup,0.2,0.6,/home/runner/work/Research---EPL-equality/Research---EPL-equality/data/images/IH30 @ Carrier Pkwy/2026-07-03/2026-07-03_10-17-09.jpg
2026-07-03,10:17:09,20260703_101709_ih30_carrier_pkwy_3,away from camera,General Purpose,third from left general purpose lane westbound,Chevrolet,Malibu,2016-2020,sedan,dark gray,11000,17000,USD,manual_lookup,0.2,0.6,/home/runner/work/Research---EPL-equality/Research---EPL-equality/data/images/IH30 @ Carrier Pkwy/2026-07-03/2026-07-03_10-17-09.jpg
2026-07-03,10:17:09,20260703_101709_ih30_carrier_pkwy_4,away from camera,General Purpose,fourth from left general purpose lane westbound,Honda,Accord,2017-2021,sedan,dark red,13000,20000,USD,manual_lookup,0.2,0.6,/home/runner/work/Research---EPL-equality/Research---EPL-equality/data/images/IH30 @ Carrier Pkwy/2026-07-03/2026-07-03_10-17-09.jpg
2026-07-03,10:17:09,20260703_101709_ih30_carrier_pkwy_5,away from camera,General Purpose,fifth general purpose lane westbound near center,UNKNOWN,UNKNOWN,UNKNOWN,sedan,dark gray,10000,22000,USD,claude_estimate,0.15,0.2,/home/runner/work/Research---EPL-equality/Research---EPL-equality/data/images/IH30 @ Carrier Pkwy/2026-07-03/2026-07-03_10-17-09.jpg
2026-07-03,10:17:09,20260703_101709_ih30_carrier_pkwy_6,away from camera,Express,left express lane westbound,GMC,Yukon,2020-2024,SUV,white,40000,65000,USD,claude_estimate,0.35,0.3,/home/runner/work/Research---EPL-equality/Research---EPL-equality/data/images/IH30 @ Carrier Pkwy/2026-07-03/2026-07-03_10-17-09.jpg
2026-07-03,10:17:09,20260703_101709_ih30_carrier_pkwy_7,away from camera,General Purpose,leftmost general purpose lane eastbound,UNKNOWN,UNKNOWN,UNKNOWN,sedan,dark gray,10000,22000,USD,claude_estimate,0.15,0.2,/home/runner/work/Research---EPL-equality/Research---EPL-equality/data/images/IH30 @ Carrier Pkwy/2026-07-03/2026-07-03_10-17-09.jpg
2026-07-03,10:17:09,20260703_101709_ih30_carrier_pkwy_8,toward camera,General Purpose,second from left general purpose lane eastbound,Ford,F-150,2018-2022,pickup truck,dark gray,20000,32000,USD,manual_lookup,0.25,0.6,/home/runner/work/Research---EPL-equality/Research---EPL-equality/data/images/IH30 @ Carrier Pkwy/2026-07-03/2026-07-03_10-17-09.jpg
2026-07-03,10:17:09,20260703_101709_ih30_carrier_pkwy_9,toward camera,General Purpose,third general purpose lane eastbound,UNKNOWN,UNKNOWN,UNKNOWN,sedan,dark,10000,22000,USD,claude_estimate,0.15,0.2,/home/runner/work/Research---EPL-equality/Research---EPL-equality/data/images/IH30 @ Carrier Pkwy/2026-07-03/2026-07-03_10-17-09.jpg
2026-07-03,10:17:09,20260703_101709_ih30_carrier_pkwy_10,toward camera,General Purpose,fourth general purpose lane eastbound,Volvo,VNL,2018-2023,semi-truck,green,80000,160000,USD,claude_estimate,0.25,0.25,/home/runner/work/Research---EPL-equality/Research---EPL-equality/data/images/IH30 @ Carrier Pkwy/2026-07-03/2026-07-03_10-17-09.jpg
2026-07-03,10:17:09,20260703_101709_ih30_carrier_pkwy_11,toward camera,General Purpose,rightmost general purpose lane eastbound,Dodge,Charger,2015-2021,sedan,black,18000,32000,USD,claude_estimate,0.25,0.3,/home/runner/work/Research---EPL-equality/Research---EPL-equality/data/images/IH30 @ Carrier Pkwy/2026-07-03/2026-07-03_10-17-09.jpg
2026-07-03,10:22:09,20260703_102209_ih30_carrier_pkwy_1,away from camera,General Purpose,leftmost general purpose lane (westbound),Ford,F-150,2018-2022,pickup truck,white,20000,32000,USD,manual_lookup,0.45,0.6,/home/runner/work/Research---EPL-equality/Research---EPL-equality/data/images/IH30 @ Carrier Pkwy/2026-07-03/2026-07-03_10-22-09.jpg
2026-07-03,10:22:09,20260703_102209_ih30_carrier_pkwy_2,away from camera,General Purpose,second from left general purpose lane (westbound),Ford,F-250,2015-2020,pickup truck,dark green,22000,38000,USD,claude_estimate,0.3,0.35,/home/runner/work/Research---EPL-equality/Research---EPL-equality/data/images/IH30 @ Carrier Pkwy/2026-07-03/2026-07-03_10-22-09.jpg
2026-07-03,10:22:09,20260703_102209_ih30_carrier_pkwy_3,away from camera,General Purpose,left-center general purpose lane (westbound),Chevrolet,Malibu,2016-2020,sedan,dark gray,11000,17000,USD,manual_lookup,0.25,0.6,/home/runner/work/Research---EPL-equality/Research---EPL-equality/data/images/IH30 @ Carrier Pkwy/2026-07-03/2026-07-03_10-22-09.jpg
2026-07-03,10:22:09,20260703_102209_ih30_carrier_pkwy_4,away from camera,General Purpose,far left general purpose lane distant (westbound),UNKNOWN,UNKNOWN,UNKNOWN,sedan,red,8000,20000,USD,claude_estimate,0.15,0.2,/home/runner/work/Research---EPL-equality/Research---EPL-equality/data/images/IH30 @ Carrier Pkwy/2026-07-03/2026-07-03_10-22-09.jpg
2026-07-03,10:22:09,20260703_102209_ih30_carrier_pkwy_5,away from camera,General Purpose,second from left general purpose lane distant (westbound),UNKNOWN,UNKNOWN,UNKNOWN,SUV,white,12000,25000,USD,claude_estimate,0.15,0.2,/home/runner/work/Research---EPL-equality/Research---EPL-equality/data/images/IH30 @ Carrier Pkwy/2026-07-03/2026-07-03_10-22-09.jpg
2026-07-03,10:22:09,20260703_102209_ih30_carrier_pkwy_6,away from camera,General Purpose,right-center general purpose lane (eastbound),Toyota,Camry,2018-2022,sedan,dark gray,12000,20000,USD,manual_lookup,0.25,0.6,/home/runner/work/Research---EPL-equality/Research---EPL-equality/data/images/IH30 @ Carrier Pkwy/2026-07-03/2026-07-03_10-22-09.jpg
2026-07-03,10:22:09,20260703_102209_ih30_carrier_pkwy_7,away from camera,General Purpose,rightmost general purpose lane (eastbound),Tesla,Model 3,2019-2023,sedan,white,38000,48000,USD,manual_lookup,0.35,0.6,/home/runner/work/Research---EPL-equality/Research---EPL-equality/data/images/IH30 @ Carrier Pkwy/2026-07-03/2026-07-03_10-22-09.jpg
2026-07-03,10:22:09,20260703_102209_ih30_carrier_pkwy_8,away from camera,General Purpose,far right general purpose lane distant (eastbound),UNKNOWN,UNKNOWN,UNKNOWN,sedan,black,8000,22000,USD,claude_estimate,0.15,0.2,/home/runner/work/Research---EPL-equality/Research---EPL-equality/data/images/IH30 @ Carrier Pkwy/2026-07-03/2026-07-03_10-22-09.jpg
2026-07-03,10:22:09,20260703_102209_ih30_carrier_pkwy_9,away from camera,General Purpose,middle-right general purpose lane distant (eastbound),UNKNOWN,UNKNOWN,UNKNOWN,sedan,dark gray,8000,22000,USD,claude_estimate,0.1,0.2,/home/runner/work/Research---EPL-equality/Research---EPL-equality/data/images/IH30 @ Carrier Pkwy/2026-07-03/2026-07-03_10-22-09.jpg
2026-07-03,10:27:09,20260703_102709_ih30_carrier_pkwy_1,away from camera,General Purpose,leftmost general purpose lane (westbound),Honda,Accord,2013-2017,sedan,dark gray,13000,20000,USD,manual_lookup,0.25,0.6,/home/runner/work/Research---EPL-equality/Research---EPL-equality/data/images/IH30 @ Carrier Pkwy/2026-07-03/2026-07-03_10-27-09.jpg
2026-07-03,10:27:09,20260703_102709_ih30_carrier_pkwy_2,away from camera,General Purpose,second general purpose lane from left (westbound),Toyota,Camry,2015-2020,sedan,black,12000,20000,USD,manual_lookup,0.2,0.6,/home/runner/work/Research---EPL-equality/Research---EPL-equality/data/images/IH30 @ Carrier Pkwy/2026-07-03/2026-07-03_10-27-09.jpg
2026-07-03,10:27:09,20260703_102709_ih30_carrier_pkwy_3,away from camera,Express,left express lane,UNKNOWN,UNKNOWN,UNKNOWN,sedan,silver,8000,18000,USD,claude_estimate,0.15,0.2,/home/runner/work/Research---EPL-equality/Research---EPL-equality/data/images/IH30 @ Carrier Pkwy/2026-07-03/2026-07-03_10-27-09.jpg
2026-07-03,10:27:09,20260703_102709_ih30_carrier_pkwy_4,away from camera,Express,right express lane,UNKNOWN,UNKNOWN,UNKNOWN,sedan,white,8000,18000,USD,claude_estimate,0.15,0.2,/home/runner/work/Research---EPL-equality/Research---EPL-equality/data/images/IH30 @ Carrier Pkwy/2026-07-03/2026-07-03_10-27-09.jpg
2026-07-03,10:27:09,20260703_102709_ih30_carrier_pkwy_5,away from camera,General Purpose,second general purpose lane from right (westbound),Ford,Explorer,2016-2020,SUV,dark gray,16000,28000,USD,claude_estimate,0.25,0.3,/home/runner/work/Research---EPL-equality/Research---EPL-equality/data/images/IH30 @ Carrier Pkwy/2026-07-03/2026-07-03_10-27-09.jpg
2026-07-03,10:27:09,20260703_102709_ih30_carrier_pkwy_6,away from camera,General Purpose,second general purpose lane from right (westbound),Toyota,RAV4,2016-2021,SUV,silver,18000,28000,USD,claude_estimate,0.25,0.3,/home/runner/work/Research---EPL-equality/Research---EPL-equality/data/images/IH30 @ Carrier Pkwy/2026-07-03/2026-07-03_10-27-09.jpg
2026-07-03,10:27:09,20260703_102709_ih30_carrier_pkwy_7,away from camera,General Purpose,rightmost general purpose lane (westbound),Chevrolet,Equinox,2017-2022,SUV,dark green,15000,26000,USD,claude_estimate,0.22,0.3,/home/runner/work/Research---EPL-equality/Research---EPL-equality/data/images/IH30 @ Carrier Pkwy/2026-07-03/2026-07-03_10-27-09.jpg
2026-07-03,10:27:09,20260703_102709_ih30_carrier_pkwy_8,away from camera,General Purpose,third general purpose lane from right (westbound),Honda,CR-V,2017-2022,SUV,dark teal,18000,28000,USD,claude_estimate,0.22,0.3,/home/runner/work/Research---EPL-equality/Research---EPL-equality/data/images/IH30 @ Carrier Pkwy/2026-07-03/2026-07-03_10-27-09.jpg
2026-07-03,10:37:10,20260703_103710_ih30_carrier_pkwy_1,toward camera,General Purpose,"leftmost general purpose lane, westbound",Honda,Accord,2016-2020,sedan,white,13000,20000,USD,manual_lookup,0.35,0.6,/home/runner/work/Research---EPL-equality/Research---EPL-equality/data/images/IH30 @ Carrier Pkwy/2026-07-03/2026-07-03_10-37-10.jpg
2026-07-03,10:37:10,20260703_103710_ih30_carrier_pkwy_2,away from camera,Express,"left express lane, eastbound",Ford,Transit,2015-2022,van,white,20000,35000,USD,claude_estimate,0.3,0.35,/home/runner/work/Research---EPL-equality/Research---EPL-equality/data/images/IH30 @ Carrier Pkwy/2026-07-03/2026-07-03_10-37-10.jpg
2026-07-03,10:37:10,20260703_103710_ih30_carrier_pkwy_3,away from camera,General Purpose,"second general purpose lane from center, eastbound",Toyota,Camry,2018-2022,sedan,white,12000,20000,USD,manual_lookup,0.25,0.6,/home/runner/work/Research---EPL-equality/Research---EPL-equality/data/images/IH30 @ Carrier Pkwy/2026-07-03/2026-07-03_10-37-10.jpg
2026-07-03,10:37:10,20260703_103710_ih30_carrier_pkwy_4,away from camera,General Purpose,"center-right general purpose lane, eastbound",UNKNOWN,UNKNOWN,UNKNOWN,SUV,white,15000,30000,USD,claude_estimate,0.2,0.25,/home/runner/work/Research---EPL-equality/Research---EPL-equality/data/images/IH30 @ Carrier Pkwy/2026-07-03/2026-07-03_10-37-10.jpg
2026-07-03,10:37:10,20260703_103710_ih30_carrier_pkwy_5,away from camera,General Purpose,"right-center general purpose lane, eastbound",UNKNOWN,UNKNOWN,UNKNOWN,sedan,dark gray,12000,25000,USD,claude_estimate,0.2,0.25,/home/runner/work/Research---EPL-equality/Research---EPL-equality/data/images/IH30 @ Carrier Pkwy/2026-07-03/2026-07-03_10-37-10.jpg
2026-07-03,10:37:10,20260703_103710_ih30_carrier_pkwy_6,away from camera,General Purpose,"rightmost general purpose lane, eastbound",UNKNOWN,UNKNOWN,UNKNOWN,SUV,silver,15000,30000,USD,claude_estimate,0.2,0.25,/home/runner/work/Research---EPL-equality/Research---EPL-equality/data/images/IH30 @ Carrier Pkwy/2026-07-03/2026-07-03_10-37-10.jpg
2026-07-03,10:37:10,20260703_103710_ih30_carrier_pkwy_7,away from camera,General Purpose,"far right general purpose lane, eastbound",UNKNOWN,UNKNOWN,UNKNOWN,sedan,dark,10000,22000,USD,claude_estimate,0.15,0.2,/home/runner/work/Research---EPL-equality/Research---EPL-equality/data/images/IH30 @ Carrier Pkwy/2026-07-03/2026-07-03_10-37-10.jpg
2026-07-03,10:37:10,20260703_103710_ih30_carrier_pkwy_8,away from camera,General Purpose,"second general purpose lane from right, eastbound, mid-distance",UNKNOWN,UNKNOWN,UNKNOWN,sedan,black,12000,25000,USD,claude_estimate,0.2,0.25,/home/runner/work/Research---EPL-equality/Research---EPL-equality/data/images/IH30 @ Carrier Pkwy/2026-07-03/2026-07-03_10-37-10.jpg
2026-07-03,10:37:10,20260703_103710_ih30_carrier_pkwy_9,away from camera,General Purpose,"left general purpose lane, eastbound, far distance",UNKNOWN,UNKNOWN,UNKNOWN,semi-truck,white,40000,100000,USD,claude_estimate,0.25,0.2,/home/runner/work/Research---EPL-equality/Research---EPL-equality/data/images/IH30 @ Carrier Pkwy/2026-07-03/2026-07-03_10-37-10.jpg
2026-07-03,10:37:10,20260703_103710_ih30_carrier_pkwy_10,away from camera,General Purpose,"far right general purpose lane, eastbound, far distance",UNKNOWN,UNKNOWN,UNKNOWN,sedan,dark,10000,22000,USD,claude_estimate,0.15,0.2,/home/runner/work/Research---EPL-equality/Research---EPL-equality/data/images/IH30 @ Carrier Pkwy/2026-07-03/2026-07-03_10-37-10.jpg
2026-07-03,11:27:09,20260703_112709_ih30_carrier_pkwy_1,away from camera,General Purpose,leftmost general purpose lane (westbound),Toyota,Corolla,2020-2023,sedan,white,20000,26000,USD,manual_lookup,0.45,0.6,/home/runner/work/Research---EPL-equality/Research---EPL-equality/data/images/IH30 @ Carrier Pkwy/2026-07-03/2026-07-03_11-27-09.jpg
2026-07-03,11:27:09,20260703_112709_ih30_carrier_pkwy_2,away from camera,General Purpose,second general purpose lane from left (westbound),Toyota,Camry,2018-2022,sedan,silver,12000,20000,USD,manual_lookup,0.25,0.6,/home/runner/work/Research---EPL-equality/Research---EPL-equality/data/images/IH30 @ Carrier Pkwy/2026-07-03/2026-07-03_11-27-09.jpg
2026-07-03,11:27:09,20260703_112709_ih30_carrier_pkwy_3,away from camera,General Purpose,third general purpose lane from left (westbound),Honda,Accord,2017-2021,sedan,green,13000,20000,USD,manual_lookup,0.2,0.6,/home/runner/work/Research---EPL-equality/Research---EPL-equality/data/images/IH30 @ Carrier Pkwy/2026-07-03/2026-07-03_11-27-09.jpg
2026-07-03,11:27:09,20260703_112709_ih30_carrier_pkwy_4,away from camera,General Purpose,"rightmost general purpose lane (westbound), far right",UNKNOWN,UNKNOWN,UNKNOWN,semi-truck,green,80000,150000,USD,claude_estimate,0.2,0.2,/home/runner/work/Research---EPL-equality/Research---EPL-equality/data/images/IH30 @ Carrier Pkwy/2026-07-03/2026-07-03_11-27-09.jpg
2026-07-03,11:27:09,20260703_112709_ih30_carrier_pkwy_5,away from camera,General Purpose,second general purpose lane from right (westbound),Honda,CR-V,2019-2023,SUV,gray,20000,32000,USD,claude_estimate,0.3,0.35,/home/runner/work/Research---EPL-equality/Research---EPL-equality/data/images/IH30 @ Carrier Pkwy/2026-07-03/2026-07-03_11-27-09.jpg
2026-07-03,11:27:09,20260703_112709_ih30_carrier_pkwy_6,away from camera,General Purpose,"third general purpose lane from right (westbound), behind traffic cluster",GMC,Sierra,2019-2022,pickup truck,dark gray,25000,45000,USD,claude_estimate,0.25,0.3,/home/runner/work/Research---EPL-equality/Research---EPL-equality/data/images/IH30 @ Carrier Pkwy/2026-07-03/2026-07-03_11-27-09.jpg
2026-07-03,11:27:09,20260703_112709_ih30_carrier_pkwy_7,away from camera,General Purpose,"rightmost general purpose lane (westbound), mid-distance traffic cluster",Ford,Explorer,2017-2021,SUV,white,18000,32000,USD,claude_estimate,0.2,0.3,/home/runner/work/Research---EPL-equality/Research---EPL-equality/data/images/IH30 @ Carrier Pkwy/2026-07-03/2026-07-03_11-27-09.jpg
2026-07-03,11:27:09,20260703_112709_ih30_carrier_pkwy_8,away from camera,General Purpose,"second general purpose lane from right (westbound), mid-distance traffic cluster",Chevrolet,Equinox,2018-2022,SUV,black,14000,25000,USD,claude_estimate,0.2,0.3,/home/runner/work/Research---EPL-equality/Research---EPL-equality/data/images/IH30 @ Carrier Pkwy/2026-07-03/2026-07-03_11-27-09.jpg
2026-07-03,11:27:09,20260703_112709_ih30_carrier_pkwy_9,away from camera,General Purpose,"rightmost general purpose lane (westbound), far distance, yellow vehicle",Blue Bird,Vision,2015-2022,bus,yellow,30000,80000,USD,claude_estimate,0.35,0.25,/home/runner/work/Research---EPL-equality/Research---EPL-equality/data/images/IH30 @ Carrier Pkwy/2026-07-03/2026-07-03_11-27-09.jpg
2026-07-03,11:27:09,20260703_112709_ih30_carrier_pkwy_10,away from camera,General Purpose,"second general purpose lane from right (westbound), far distance cluster",UNKNOWN,UNKNOWN,UNKNOWN,sedan,blue,10000,25000,USD,claude_estimate,0.15,0.2,/home/runner/work/Research---EPL-equality/Research---EPL-equality/data/images/IH30 @ Carrier Pkwy/2026-07-03/2026-07-03_11-27-09.jpg
2026-07-03,11:27:09,20260703_112709_ih30_carrier_pkwy_11,away from camera,General Purpose,"far distance, leftmost general purpose lane (westbound)",UNKNOWN,UNKNOWN,UNKNOWN,sedan,white,10000,25000,USD,claude_estimate,0.1,0.2,/home/runner/work/Research---EPL-equality/Research---EPL-equality/data/images/IH30 @ Carrier Pkwy/2026-07-03/2026-07-03_11-27-09.jpg
2026-07-03,12:12:09,20260703_121209_ih30_carrier_pkwy_1,away from camera,General Purpose,leftmost general purpose lane (westbound),Jeep,Grand Cherokee,2018-2022,SUV,white,22000,38000,USD,claude_estimate,0.55,0.5,/home/runner/work/Research---EPL-equality/Research---EPL-equality/data/images/IH30 @ Carrier Pkwy/2026-07-03/2026-07-03_12-12-09.jpg
2026-07-03,12:12:09,20260703_121209_ih30_carrier_pkwy_2,away from camera,General Purpose,second from left general purpose lane (westbound),UNKNOWN,UNKNOWN,UNKNOWN,SUV,dark gray,15000,35000,USD,claude_estimate,0.2,0.3,/home/runner/work/Research---EPL-equality/Research---EPL-equality/data/images/IH30 @ Carrier Pkwy/2026-07-03/2026-07-03_12-12-09.jpg
2026-07-03,12:12:09,20260703_121209_ih30_carrier_pkwy_3,away from camera,General Purpose,third from left general purpose lane (westbound),UNKNOWN,UNKNOWN,UNKNOWN,sedan,silver,10000,25000,USD,claude_estimate,0.15,0.25,/home/runner/work/Research---EPL-equality/Research---EPL-equality/data/images/IH30 @ Carrier Pkwy/2026-07-03/2026-07-03_12-12-09.jpg
2026-07-03,12:12:09,20260703_121209_ih30_carrier_pkwy_4,away from camera,Express,left express lane (westbound),UNKNOWN,UNKNOWN,UNKNOWN,sedan,dark,10000,25000,USD,claude_estimate,0.15,0.25,/home/runner/work/Research---EPL-equality/Research---EPL-equality/data/images/IH30 @ Carrier Pkwy/2026-07-03/2026-07-03_12-12-09.jpg
2026-07-03,12:12:09,20260703_121209_ih30_carrier_pkwy_5,away from camera,Express,right express lane (westbound),UNKNOWN,UNKNOWN,UNKNOWN,sedan,dark,10000,25000,USD,claude_estimate,0.15,0.25,/home/runner/work/Research---EPL-equality/Research---EPL-equality/data/images/IH30 @ Carrier Pkwy/2026-07-03/2026-07-03_12-12-09.jpg
2026-07-03,12:12:09,20260703_121209_ih30_carrier_pkwy_6,away from camera,General Purpose,leftmost general purpose lane foreground (westbound),Cadillac,Escalade,2015-2020,SUV,black,28000,55000,USD,claude_estimate,0.35,0.4,/home/runner/work/Research---EPL-equality/Research---EPL-equality/data/images/IH30 @ Carrier Pkwy/2026-07-03/2026-07-03_12-12-09.jpg
2026-07-03,12:12:09,20260703_121209_ih30_carrier_pkwy_7,away from camera,General Purpose,far right general purpose lane midground (eastbound or westbound distant),UNKNOWN,UNKNOWN,UNKNOWN,SUV,dark,15000,35000,USD,claude_estimate,0.1,0.2,/home/runner/work/Research---EPL-equality/Research---EPL-equality/data/images/IH30 @ Carrier Pkwy/2026-07-03/2026-07-03_12-12-09.jpg
2026-07-03,12:12:09,20260703_121209_ih30_carrier_pkwy_8,away from camera,General Purpose,distant general purpose lane right side midground,UNKNOWN,UNKNOWN,UNKNOWN,sedan,silver,8000,20000,USD,claude_estimate,0.1,0.2,/home/runner/work/Research---EPL-equality/Research---EPL-equality/data/images/IH30 @ Carrier Pkwy/2026-07-03/2026-07-03_12-12-09.jpg
2026-07-03,12:17:09,20260703_121709_ih30_carrier_pkwy_1,toward camera,General Purpose,leftmost general purpose lane (westbound far left),Chrysler,Town & Country,2008-2014,van,dark green,4000,9000,USD,claude_estimate,0.25,0.3,/home/runner/work/Research---EPL-equality/Research---EPL-equality/data/images/IH30 @ Carrier Pkwy/2026-07-03/2026-07-03_12-17-09.jpg
2026-07-03,12:17:09,20260703_121709_ih30_carrier_pkwy_2,toward camera,General Purpose,second general purpose lane from left (westbound),Ford,Explorer,2011-2015,SUV,dark green,8000,14000,USD,claude_estimate,0.2,0.3,/home/runner/work/Research---EPL-equality/Research---EPL-equality/data/images/IH30 @ Carrier Pkwy/2026-07-03/2026-07-03_12-17-09.jpg
2026-07-03,12:17:09,20260703_121709_ih30_carrier_pkwy_3,away from camera,General Purpose,leftmost general purpose lane (eastbound far left),UNKNOWN,UNKNOWN,UNKNOWN,sedan,dark,8000,18000,USD,claude_estimate,0.1,0.2,/home/runner/work/Research---EPL-equality/Research---EPL-equality/data/images/IH30 @ Carrier Pkwy/2026-07-03/2026-07-03_12-17-09.jpg
2026-07-03,12:17:09,20260703_121709_ih30_carrier_pkwy_4,away from camera,General Purpose,second general purpose lane from left (eastbound),UNKNOWN,UNKNOWN,UNKNOWN,sedan,white,8000,18000,USD,claude_estimate,0.1,0.2,/home/runner/work/Research---EPL-equality/Research---EPL-equality/data/images/IH30 @ Carrier Pkwy/2026-07-03/2026-07-03_12-17-09.jpg
2026-07-03,12:17:09,20260703_121709_ih30_carrier_pkwy_5,away from camera,Express,left express lane (eastbound direction),UNKNOWN,UNKNOWN,UNKNOWN,sedan,dark,8000,18000,USD,claude_estimate,0.1,0.2,/home/runner/work/Research---EPL-equality/Research---EPL-equality/data/images/IH30 @ Carrier Pkwy/2026-07-03/2026-07-03_12-17-09.jpg
2026-07-03,12:17:09,20260703_121709_ih30_carrier_pkwy_6,away from camera,General Purpose,far distance center-left general purpose lane (eastbound),UNKNOWN,UNKNOWN,UNKNOWN,UNKNOWN,white,6000,20000,USD,claude_estimate,0.1,0.15,/home/runner/work/Research---EPL-equality/Research---EPL-equality/data/images/IH30 @ Carrier Pkwy/2026-07-03/2026-07-03_12-17-09.jpg
2026-07-03,12:17:09,20260703_121709_ih30_carrier_pkwy_7,toward camera,General Purpose,rightmost general purpose lane (westbound far right),Chevrolet,Silverado,2014-2018,pickup truck,white,20000,32000,USD,manual_lookup,0.3,0.6,/home/runner/work/Research---EPL-equality/Research---EPL-equality/data/images/IH30 @ Carrier Pkwy/2026-07-03/2026-07-03_12-17-09.jpg
2026-07-03,12:17:09,20260703_121709_ih30_carrier_pkwy_8,toward camera,General Purpose,second general purpose lane from right (westbound),GMC,Sierra,2014-2019,pickup truck,dark gray,18000,32000,USD,claude_estimate,0.25,0.3,/home/runner/work/Research---EPL-equality/Research---EPL-equality/data/images/IH30 @ Carrier Pkwy/2026-07-03/2026-07-03_12-17-09.jpg
2026-07-03,12:17:09,20260703_121709_ih30_carrier_pkwy_9,toward camera,General Purpose,third general purpose lane from right (westbound),Ford,F-150,2015-2020,pickup truck,white,20000,32000,USD,manual_lookup,0.25,0.6,/home/runner/work/Research---EPL-equality/Research---EPL-equality/data/images/IH30 @ Carrier Pkwy/2026-07-03/2026-07-03_12-17-09.jpg
2026-07-03,12:22:09,20260703_122209_ih30_carrier_pkwy_1,toward camera,General Purpose,"leftmost general purpose lane, westbound",Ford,Explorer,2016-2020,SUV,dark green,18000,28000,USD,claude_estimate,0.3,0.4,/home/runner/work/Research---EPL-equality/Research---EPL-equality/data/images/IH30 @ Carrier Pkwy/2026-07-03/2026-07-03_12-22-09.jpg
2026-07-03,12:22:09,20260703_122209_ih30_carrier_pkwy_2,toward camera,General Purpose,"second from left general purpose lane, westbound",Jeep,Grand Cherokee,2014-2019,SUV,dark gray,16000,26000,USD,claude_estimate,0.25,0.35,/home/runner/work/Research---EPL-equality/Research---EPL-equality/data/images/IH30 @ Carrier Pkwy/2026-07-03/2026-07-03_12-22-09.jpg
2026-07-03,12:22:09,20260703_122209_ih30_carrier_pkwy_3,away from camera,General Purpose,"leftmost general purpose lane, eastbound",Toyota,Camry,2015-2020,sedan,silver,12000,20000,USD,manual_lookup,0.25,0.6,/home/runner/work/Research---EPL-equality/Research---EPL-equality/data/images/IH30 @ Carrier Pkwy/2026-07-03/2026-07-03_12-22-09.jpg
2026-07-03,12:22:09,20260703_122209_ih30_carrier_pkwy_4,away from camera,General Purpose,"second from left general purpose lane, eastbound far distance",Honda,Accord,2014-2019,sedan,white,13000,20000,USD,manual_lookup,0.2,0.6,/home/runner/work/Research---EPL-equality/Research---EPL-equality/data/images/IH30 @ Carrier Pkwy/2026-07-03/2026-07-03_12-22-09.jpg
2026-07-03,12:22:09,20260703_122209_ih30_carrier_pkwy_5,toward camera,General Purpose,"third from left general purpose lane, westbound mid-distance",Toyota,RAV4,2016-2021,SUV,silver,18000,28000,USD,claude_estimate,0.25,0.35,/home/runner/work/Research---EPL-equality/Research---EPL-equality/data/images/IH30 @ Carrier Pkwy/2026-07-03/2026-07-03_12-22-09.jpg
2026-07-03,12:22:09,20260703_122209_ih30_carrier_pkwy_6,away from camera,General Purpose,"second from right general purpose lane, eastbound",Chevrolet,Equinox,2017-2022,SUV,dark gray,16000,26000,USD,claude_estimate,0.25,0.35,/home/runner/work/Research---EPL-equality/Research---EPL-equality/data/images/IH30 @ Carrier Pkwy/2026-07-03/2026-07-03_12-22-09.jpg
2026-07-03,12:22:09,20260703_122209_ih30_carrier_pkwy_7,away from camera,General Purpose,"third from right general purpose lane, eastbound",Ford,Fusion,2015-2020,sedan,red,10000,18000,USD,claude_estimate,0.25,0.35,/home/runner/work/Research---EPL-equality/Research---EPL-equality/data/images/IH30 @ Carrier Pkwy/2026-07-03/2026-07-03_12-22-09.jpg
2026-07-03,12:22:09,20260703_122209_ih30_carrier_pkwy_8,away from camera,General Purpose,"far left general purpose lane, eastbound distant",UNKNOWN,UNKNOWN,UNKNOWN,sedan,red,10000,20000,USD,claude_estimate,0.15,0.2,/home/runner/work/Research---EPL-equality/Research---EPL-equality/data/images/IH30 @ Carrier Pkwy/2026-07-03/2026-07-03_12-22-09.jpg
2026-07-03,12:22:09,20260703_122209_ih30_carrier_pkwy_9,away from camera,General Purpose,"rightmost general purpose lane, eastbound far distance",UNKNOWN,UNKNOWN,UNKNOWN,sedan,silver,10000,20000,USD,claude_estimate,0.15,0.2,/home/runner/work/Research---EPL-equality/Research---EPL-equality/data/images/IH30 @ Carrier Pkwy/2026-07-03/2026-07-03_12-22-09.jpg
2026-07-03,12:22:09,20260703_122209_ih30_carrier_pkwy_10,away from camera,General Purpose,"leftmost general purpose lane, eastbound very far distance",UNKNOWN,UNKNOWN,UNKNOWN,SUV,gray,12000,25000,USD,claude_estimate,0.1,0.2,/home/runner/work/Research---EPL-equality/Research---EPL-equality/data/images/IH30 @ Carrier Pkwy/2026-07-03/2026-07-03_12-22-09.jpg
2026-07-03,12:32:09,20260703_123209_ih30_carrier_pkwy_1,away from camera,General Purpose,leftmost general purpose lane (westbound),Toyota,Camry,2018-2022,sedan,silver,12000,20000,USD,manual_lookup,0.25,0.6,/home/runner/work/Research---EPL-equality/Research---EPL-equality/data/images/IH30 @ Carrier Pkwy/2026-07-03/2026-07-03_12-32-09.jpg
2026-07-03,12:32:09,20260703_123209_ih30_carrier_pkwy_2,away from camera,General Purpose,second general purpose lane from left (westbound),Ford,F-150,2015-2020,pickup truck,dark gray,20000,32000,USD,manual_lookup,0.2,0.6,/home/runner/work/Research---EPL-equality/Research---EPL-equality/data/images/IH30 @ Carrier Pkwy/2026-07-03/2026-07-03_12-32-09.jpg
2026-07-03,12:32:09,20260703_123209_ih30_carrier_pkwy_3,away from camera,Express,left express lane,UNKNOWN,UNKNOWN,UNKNOWN,sedan,dark,15000,30000,USD,claude_estimate,0.15,0.2,/home/runner/work/Research---EPL-equality/Research---EPL-equality/data/images/IH30 @ Carrier Pkwy/2026-07-03/2026-07-03_12-32-09.jpg
2026-07-03,12:32:09,20260703_123209_ih30_carrier_pkwy_4,away from camera,Express,right express lane,UNKNOWN,UNKNOWN,UNKNOWN,SUV,dark,18000,35000,USD,claude_estimate,0.15,0.2,/home/runner/work/Research---EPL-equality/Research---EPL-equality/data/images/IH30 @ Carrier Pkwy/2026-07-03/2026-07-03_12-32-09.jpg
2026-07-03,12:32:09,20260703_123209_ih30_carrier_pkwy_5,away from camera,General Purpose,second general purpose lane from right (eastbound or westbound far lanes),UNKNOWN,UNKNOWN,UNKNOWN,semi-truck,white,80000,150000,USD,claude_estimate,0.2,0.25,/home/runner/work/Research---EPL-equality/Research---EPL-equality/data/images/IH30 @ Carrier Pkwy/2026-07-03/2026-07-03_12-32-09.jpg
2026-07-03,12:32:09,20260703_123209_ih30_carrier_pkwy_6,away from camera,General Purpose,middle-right general purpose lane (far side),UNKNOWN,UNKNOWN,UNKNOWN,sedan,dark,12000,28000,USD,claude_estimate,0.1,0.2,/home/runner/work/Research---EPL-equality/Research---EPL-equality/data/images/IH30 @ Carrier Pkwy/2026-07-03/2026-07-03_12-32-09.jpg
2026-07-03,12:32:09,20260703_123209_ih30_carrier_pkwy_7,away from camera,General Purpose,"second general purpose lane from right (near side, westbound)",Honda,Accord,2019-2023,sedan,dark gray,25000,33000,USD,manual_lookup,0.25,0.6,/home/runner/work/Research---EPL-equality/Research---EPL-equality/data/images/IH30 @ Carrier Pkwy/2026-07-03/2026-07-03_12-32-09.jpg
2026-07-03,12:37:09,20260703_123709_ih30_carrier_pkwy_1,toward camera,General Purpose,leftmost general purpose lane (westbound),Ford,Explorer,2016-2020,SUV,dark green,18000,28000,USD,claude_estimate,0.25,0.3,/home/runner/work/Research---EPL-equality/Research---EPL-equality/data/images/IH30 @ Carrier Pkwy/2026-07-03/2026-07-03_12-37-09.jpg
2026-07-03,12:37:09,20260703_123709_ih30_carrier_pkwy_2,away from camera,General Purpose,second from left general purpose lane (eastbound),Toyota,Camry,2018-2022,sedan,silver,12000,20000,USD,manual_lookup,0.2,0.6,/home/runner/work/Research---EPL-equality/Research---EPL-equality/data/images/IH30 @ Carrier Pkwy/2026-07-03/2026-07-03_12-37-09.jpg
2026-07-03,12:37:09,20260703_123709_ih30_carrier_pkwy_3,away from camera,General Purpose,third from left general purpose lane (eastbound),Honda,Accord,2017-2021,sedan,gray,13000,20000,USD,manual_lookup,0.2,0.6,/home/runner/work/Research---EPL-equality/Research---EPL-equality/data/images/IH30 @ Carrier Pkwy/2026-07-03/2026-07-03_12-37-09.jpg
2026-07-03,12:37:09,20260703_123709_ih30_carrier_pkwy_4,away from camera,Express,left express lane (eastbound),Chevrolet,Malibu,2016-2020,sedan,dark gray,11000,17000,USD,manual_lookup,0.2,0.6,/home/runner/work/Research---EPL-equality/Research---EPL-equality/data/images/IH30 @ Carrier Pkwy/2026-07-03/2026-07-03_12-37-09.jpg
2026-07-03,12:37:09,20260703_123709_ih30_carrier_pkwy_5,away from camera,Express,right express lane (eastbound),Ford,Fusion,2017-2021,sedan,black,13000,21000,USD,claude_estimate,0.2,0.3,/home/runner/work/Research---EPL-equality/Research---EPL-equality/data/images/IH30 @ Carrier Pkwy/2026-07-03/2026-07-03_12-37-09.jpg
2026-07-03,12:37:09,20260703_123709_ih30_carrier_pkwy_6,away from camera,General Purpose,right-center general purpose lane (eastbound),Toyota,RAV4,2019-2023,SUV,dark gray,22000,34000,USD,claude_estimate,0.2,0.3,/home/runner/work/Research---EPL-equality/Research---EPL-equality/data/images/IH30 @ Carrier Pkwy/2026-07-03/2026-07-03_12-37-09.jpg
2026-07-03,12:37:09,20260703_123709_ih30_carrier_pkwy_7,toward camera,General Purpose,second from right general purpose lane (westbound),Ford,F-150,2018-2022,pickup truck,red,20000,32000,USD,manual_lookup,0.25,0.6,/home/runner/work/Research---EPL-equality/Research---EPL-equality/data/images/IH30 @ Carrier Pkwy/2026-07-03/2026-07-03_12-37-09.jpg
2026-07-03,12:37:09,20260703_123709_ih30_carrier_pkwy_8,away from camera,General Purpose,"far background general purpose lanes (eastbound, multiple vehicles near overpass)",UNKNOWN,UNKNOWN,UNKNOWN,sedan,dark,10000,30000,USD,claude_estimate,0.1,0.15,/home/runner/work/Research---EPL-equality/Research---EPL-equality/data/images/IH30 @ Carrier Pkwy/2026-07-03/2026-07-03_12-37-09.jpg
2026-07-03,12:42:09,20260703_124209_ih30_carrier_pkwy_1,away from camera,General Purpose,leftmost general purpose lane (westbound),Ford,F-Series,2015-2020,pickup truck,white,18000,32000,USD,claude_estimate,0.3,0.35,/home/runner/work/Research---EPL-equality/Research---EPL-equality/data/images/IH30 @ Carrier Pkwy/2026-07-03/2026-07-03_12-42-09.jpg
2026-07-03,12:42:09,20260703_124209_ih30_carrier_pkwy_2,away from camera,General Purpose,second from left general purpose lane (westbound),Freightliner,Cascadia,2015-2022,semi-truck,white,40000,90000,USD,claude_estimate,0.3,0.3,/home/runner/work/Research---EPL-equality/Research---EPL-equality/data/images/IH30 @ Carrier Pkwy/2026-07-03/2026-07-03_12-42-09.jpg
2026-07-03,12:42:09,20260703_124209_ih30_carrier_pkwy_3,away from camera,General Purpose,third from left general purpose lane (westbound),Toyota,Camry,2018-2023,sedan,silver,12000,20000,USD,manual_lookup,0.2,0.6,/home/runner/work/Research---EPL-equality/Research---EPL-equality/data/images/IH30 @ Carrier Pkwy/2026-07-03/2026-07-03_12-42-09.jpg
2026-07-03,12:42:09,20260703_124209_ih30_carrier_pkwy_4,away from camera,General Purpose,"middle-left general purpose lane (westbound), distant",UNKNOWN,UNKNOWN,UNKNOWN,sedan,gray,10000,25000,USD,claude_estimate,0.15,0.2,/home/runner/work/Research---EPL-equality/Research---EPL-equality/data/images/IH30 @ Carrier Pkwy/2026-07-03/2026-07-03_12-42-09.jpg
2026-07-03,12:42:09,20260703_124209_ih30_carrier_pkwy_5,away from camera,General Purpose,far distant general purpose lane (westbound),UNKNOWN,UNKNOWN,UNKNOWN,sedan,white,10000,25000,USD,claude_estimate,0.1,0.15,/home/runner/work/Research---EPL-equality/Research---EPL-equality/data/images/IH30 @ Carrier Pkwy/2026-07-03/2026-07-03_12-42-09.jpg
2026-07-03,12:42:09,20260703_124209_ih30_carrier_pkwy_6,away from camera,Express,"left express lane (westbound), distant",UNKNOWN,UNKNOWN,UNKNOWN,sedan,dark,10000,25000,USD,claude_estimate,0.1,0.15,/home/runner/work/Research---EPL-equality/Research---EPL-equality/data/images/IH30 @ Carrier Pkwy/2026-07-03/2026-07-03_12-42-09.jpg
2026-07-03,12:42:09,20260703_124209_ih30_carrier_pkwy_7,toward camera,General Purpose,rightmost general purpose lane (eastbound),Ford,F-150,2018-2023,pickup truck,dark green,20000,32000,USD,manual_lookup,0.35,0.6,/home/runner/work/Research---EPL-equality/Research---EPL-equality/data/images/IH30 @ Carrier Pkwy/2026-07-03/2026-07-03_12-42-09.jpg
2026-07-03,12:47:09,20260703_124709_ih30_carrier_pkwy_1,away from camera,General Purpose,leftmost general purpose lane (westbound),Ford,F-150,2015-2020,pickup truck,dark gray,20000,32000,USD,manual_lookup,0.3,0.6,/home/runner/work/Research---EPL-equality/Research---EPL-equality/data/images/IH30 @ Carrier Pkwy/2026-07-03/2026-07-03_12-47-09.jpg
2026-07-03,12:47:09,20260703_124709_ih30_carrier_pkwy_2,away from camera,General Purpose,second from left general purpose lane (westbound),Toyota,Camry,2016-2021,sedan,dark green,12000,20000,USD,manual_lookup,0.25,0.6,/home/runner/work/Research---EPL-equality/Research---EPL-equality/data/images/IH30 @ Carrier Pkwy/2026-07-03/2026-07-03_12-47-09.jpg
2026-07-03,12:47:09,20260703_124709_ih30_carrier_pkwy_3,away from camera,General Purpose,"second from left general purpose lane (westbound), slightly ahead",Honda,Accord,2017-2022,sedan,dark gray,13000,20000,USD,manual_lookup,0.25,0.6,/home/runner/work/Research---EPL-equality/Research---EPL-equality/data/images/IH30 @ Carrier Pkwy/2026-07-03/2026-07-03_12-47-09.jpg
2026-07-03,12:47:09,20260703_124709_ih30_carrier_pkwy_4,away from camera,General Purpose,third from left general purpose lane (westbound),Chevrolet,Malibu,2015-2020,sedan,dark green,11000,17000,USD,manual_lookup,0.2,0.6,/home/runner/work/Research---EPL-equality/Research---EPL-equality/data/images/IH30 @ Carrier Pkwy/2026-07-03/2026-07-03_12-47-09.jpg
2026-07-03,12:47:09,20260703_124709_ih30_carrier_pkwy_5,away from camera,General Purpose,"second from left general purpose lane (westbound), farther ahead",UNKNOWN,UNKNOWN,UNKNOWN,sedan,dark,8000,20000,USD,claude_estimate,0.15,0.2,/home/runner/work/Research---EPL-equality/Research---EPL-equality/data/images/IH30 @ Carrier Pkwy/2026-07-03/2026-07-03_12-47-09.jpg
2026-07-03,12:47:09,20260703_124709_ih30_carrier_pkwy_6,away from camera,General Purpose,"leftmost general purpose lane (westbound), farther ahead",UNKNOWN,UNKNOWN,UNKNOWN,sedan,dark,8000,20000,USD,claude_estimate,0.15,0.2,/home/runner/work/Research---EPL-equality/Research---EPL-equality/data/images/IH30 @ Carrier Pkwy/2026-07-03/2026-07-03_12-47-09.jpg
2026-07-03,12:47:09,20260703_124709_ih30_carrier_pkwy_7,toward camera,General Purpose,"rightmost general purpose lane (eastbound), near camera",Jeep,Grand Cherokee,2017-2022,SUV,black,20000,38000,USD,claude_estimate,0.3,0.3,/home/runner/work/Research---EPL-equality/Research---EPL-equality/data/images/IH30 @ Carrier Pkwy/2026-07-03/2026-07-03_12-47-09.jpg
2026-07-03,12:52:09,20260703_125209_ih30_carrier_pkwy_1,away from camera,General Purpose,leftmost general purpose lane (westbound),Honda,Civic,2014-2018,sedan,silver,11000,17000,USD,manual_lookup,0.25,0.6,/home/runner/work/Research---EPL-equality/Research---EPL-equality/data/images/IH30 @ Carrier Pkwy/2026-07-03/2026-07-03_12-52-09.jpg
2026-07-03,12:52:09,20260703_125209_ih30_carrier_pkwy_2,away from camera,General Purpose,second from left general purpose lane (westbound),Toyota,Camry,2015-2019,sedan,dark gray,12000,20000,USD,manual_lookup,0.2,0.6,/home/runner/work/Research---EPL-equality/Research---EPL-equality/data/images/IH30 @ Carrier Pkwy/2026-07-03/2026-07-03_12-52-09.jpg
2026-07-03,12:52:09,20260703_125209_ih30_carrier_pkwy_3,away from camera,General Purpose,"rightmost general purpose lane (westbound, far right side)",Toyota,Highlander,2014-2019,SUV,dark gray,18000,28000,USD,claude_estimate,0.25,0.3,/home/runner/work/Research---EPL-equality/Research---EPL-equality/data/images/IH30 @ Carrier Pkwy/2026-07-03/2026-07-03_12-52-09.jpg
2026-07-03,12:52:09,20260703_125209_ih30_carrier_pkwy_4,away from camera,General Purpose,second from right general purpose lane (westbound),Chrysler,Town and Country,2012-2016,van,dark red,7000,13000,USD,claude_estimate,0.22,0.28,/home/runner/work/Research---EPL-equality/Research---EPL-equality/data/images/IH30 @ Carrier Pkwy/2026-07-03/2026-07-03_12-52-09.jpg
2026-07-03,12:52:09,20260703_125209_ih30_carrier_pkwy_5,away from camera,General Purpose,middle-right general purpose lane (westbound),Honda,Odyssey,2014-2018,van,silver,12000,22000,USD,claude_estimate,0.25,0.3,/home/runner/work/Research---EPL-equality/Research---EPL-equality/data/images/IH30 @ Carrier Pkwy/2026-07-03/2026-07-03_12-52-09.jpg
2026-07-03,12:57:10,20260703_125710_ih30_carrier_pkwy_1,away from camera,General Purpose,leftmost general purpose lane (westbound),Chevrolet,Malibu,2016-2020,sedan,dark green,11000,17000,USD,manual_lookup,0.25,0.6,/home/runner/work/Research---EPL-equality/Research---EPL-equality/data/images/IH30 @ Carrier Pkwy/2026-07-03/2026-07-03_12-57-10.jpg
2026-07-03,12:57:10,20260703_125710_ih30_carrier_pkwy_2,away from camera,Express,left express lane (westbound),GMC,Sierra,2019-2023,pickup truck,black,28000,45000,USD,claude_estimate,0.35,0.35,/home/runner/work/Research---EPL-equality/Research---EPL-equality/data/images/IH30 @ Carrier Pkwy/2026-07-03/2026-07-03_12-57-10.jpg
2026-07-03,12:57:10,20260703_125710_ih30_carrier_pkwy_3,away from camera,General Purpose,second general purpose lane from right (westbound),Toyota,Camry,2018-2022,sedan,dark gray,12000,20000,USD,manual_lookup,0.22,0.6,/home/runner/work/Research---EPL-equality/Research---EPL-equality/data/images/IH30 @ Carrier Pkwy/2026-07-03/2026-07-03_12-57-10.jpg
2026-07-03,12:57:10,20260703_125710_ih30_carrier_pkwy_4,away from camera,General Purpose,"middle general purpose lane (westbound), distant",UNKNOWN,UNKNOWN,UNKNOWN,sedan,white,8000,20000,USD,claude_estimate,0.1,0.2,/home/runner/work/Research---EPL-equality/Research---EPL-equality/data/images/IH30 @ Carrier Pkwy/2026-07-03/2026-07-03_12-57-10.jpg
2026-07-03,12:57:10,20260703_125710_ih30_carrier_pkwy_5,away from camera,General Purpose,"left general purpose lane (westbound), distant",UNKNOWN,UNKNOWN,UNKNOWN,sedan,white,8000,20000,USD,claude_estimate,0.1,0.2,/home/runner/work/Research---EPL-equality/Research---EPL-equality/data/images/IH30 @ Carrier Pkwy/2026-07-03/2026-07-03_12-57-10.jpg
2026-07-03,12:57:10,20260703_125710_ih30_carrier_pkwy_6,away from camera,General Purpose,"far left general purpose lane (westbound), distant near overpass",UNKNOWN,UNKNOWN,UNKNOWN,sedan,silver,8000,20000,USD,claude_estimate,0.1,0.2,/home/runner/work/Research---EPL-equality/Research---EPL-equality/data/images/IH30 @ Carrier Pkwy/2026-07-03/2026-07-03_12-57-10.jpg
2026-07-03,12:57:10,20260703_125710_ih30_carrier_pkwy_7,away from camera,General Purpose,"right-center general purpose lane (westbound), distant near overpass",UNKNOWN,UNKNOWN,UNKNOWN,sedan,white,8000,20000,USD,claude_estimate,0.1,0.2,/home/runner/work/Research---EPL-equality/Research---EPL-equality/data/images/IH30 @ Carrier Pkwy/2026-07-03/2026-07-03_12-57-10.jpg
2026-07-03,13:02:10,20260703_130210_ih30_carrier_pkwy_1,away from camera,General Purpose,"second lane from left, westbound general purpose",Honda,Accord,2018-2022,sedan,dark gray,13000,20000,USD,manual_lookup,0.25,0.6,/home/runner/work/Research---EPL-equality/Research---EPL-equality/data/images/IH30 @ Carrier Pkwy/2026-07-03/2026-07-03_13-02-10.jpg
2026-07-03,13:02:10,20260703_130210_ih30_carrier_pkwy_2,away from camera,Express,left express lane,Ford,F-150,2015-2020,pickup truck,dark gray,20000,32000,USD,manual_lookup,0.25,0.6,/home/runner/work/Research---EPL-equality/Research---EPL-equality/data/images/IH30 @ Carrier Pkwy/2026-07-03/2026-07-03_13-02-10.jpg
2026-07-03,13:02:10,20260703_130210_ih30_carrier_pkwy_3,away from camera,General Purpose,"second lane from right, eastbound general purpose",Toyota,Camry,2017-2021,sedan,dark gray,12000,20000,USD,manual_lookup,0.2,0.6,/home/runner/work/Research---EPL-equality/Research---EPL-equality/data/images/IH30 @ Carrier Pkwy/2026-07-03/2026-07-03_13-02-10.jpg
2026-07-03,13:02:10,20260703_130210_ih30_carrier_pkwy_4,away from camera,General Purpose,"third lane from right, eastbound general purpose",Toyota,RAV4,2018-2022,SUV,silver,22000,32000,USD,claude_estimate,0.2,0.3,/home/runner/work/Research---EPL-equality/Research---EPL-equality/data/images/IH30 @ Carrier Pkwy/2026-07-03/2026-07-03_13-02-10.jpg
